,date,tx_incid,incid_rea,dchosp
0,2020-01-23,,,
1,2020-01-24,,,
2,2020-01-25,,,
3,2020-01-26,,,
4,2020-01-27,,,
5,2020-01-28,,,
6,2020-01-29,,,
7,2020-01-30,,,
8,2020-01-31,,,
9,2020-02-01,,,
10,2020-02-02,,,
11,2020-02-03,,,
12,2020-02-04,,,
13,2020-02-05,,,
14,2020-02-06,,,
15,2020-02-07,,,
16,2020-02-08,,,
17,2020-02-09,,,
18,2020-02-10,,,
19,2020-02-11,,,
20,2020-02-12,,,
21,2020-02-13,,,
22,2020-02-14,,,
23,2020-02-15,,,
24,2020-02-16,,,
25,2020-02-17,,,
26,2020-02-18,,,
27,2020-02-19,,,
28,2020-02-20,,,
29,2020-02-21,,,
30,2020-02-22,,,
31,2020-02-23,,,
32,2020-02-24,,,
33,2020-02-25,,,
34,2020-02-26,,,
35,2020-02-27,,,
36,2020-02-28,,,
37,2020-02-29,,,
38,2020-03-01,,,
39,2020-03-02,,,
40,2020-03-03,,,
41,2020-03-04,,,
42,2020-03-05,,,
43,2020-03-06,,,
44,2020-03-07,,,
45,2020-03-08,,,
46,2020-03-09,,,
47,2020-03-10,,,
48,2020-03-11,,,
49,2020-03-12,,,
50,2020-03-13,,,
51,2020-03-14,,,
52,2020-03-15,,,
53,2020-03-16,,,
54,2020-03-17,,,
55,2020-03-18,,,218.0
56,2020-03-19,,438.0,327.0
57,2020-03-20,,242.0,450.0
58,2020-03-21,,298.0,525.0
59,2020-03-22,,309.0,632.0
60,2020-03-23,,448.0,860.0
61,2020-03-24,,571.0,1100.0
62,2020-03-25,,607.0,1388.0
63,2020-03-26,,612.0,1696.0
64,2020-03-27,,608.0,1995.0
65,2020-03-28,,695.0,2314.0
66,2020-03-29,,543.0,2606.0
67,2020-03-30,,694.0,3024.0
68,2020-03-31,,767.0,3523.0
69,2020-04-01,,771.0,4032.0
70,2020-04-02,,728.0,4503.0
71,2020-04-03,,640.0,5091.0
72,2020-04-04,,502.0,5532.0
73,2020-04-05,,390.0,5889.0
74,2020-04-06,,478.0,6494.0
75,2020-04-07,,518.0,7091.0
76,2020-04-08,,482.0,7632.0
77,2020-04-09,,369.0,8044.0
78,2020-04-10,,431.0,8598.0
79,2020-04-11,,255.0,8943.0
80,2020-04-12,,220.0,9253.0
81,2020-04-13,,227.0,9588.0
82,2020-04-14,,275.0,10129.0
83,2020-04-15,,284.0,10643.0
84,2020-04-16,,270.0,11053.0
85,2020-04-17,,242.0,11470.0
86,2020-04-18,,206.0,11834.0
87,2020-04-19,,137.0,12061.0
88,2020-04-20,,208.0,12505.0
89,2020-04-21,,190.0,12892.0
90,2020-04-22,,183.0,13225.0
91,2020-04-23,,178.0,13536.0
92,2020-04-24,,155.0,13841.0
93,2020-04-25,,124.0,14039.0
94,2020-04-26,,79.0,14191.0
95,2020-04-27,,125.0,14486.0
96,2020-04-28,,153.0,14676.0
97,2020-04-29,,110.0,15041.0
98,2020-04-30,,121.0,15231.0
99,2020-05-01,,73.0,15350.0
100,2020-05-02,,64.0,15468.0
101,2020-05-03,,80.0,15564.0
102,2020-05-04,,84.0,15807.0
103,2020-05-05,,111.0,16041.0
104,2020-05-06,,69.0,16218.0
105,2020-05-07,,99.0,16367.0
106,2020-05-08,,89.0,16478.0
107,2020-05-09,,38.0,16554.0
108,2020-05-10,,38.0,16623.0
109,2020-05-11,,82.0,16801.0
110,2020-05-12,,92.0,16984.0
111,2020-05-13,1.34,69.0,17082.0
112,2020-05-14,2.85,52.0,17205.0
113,2020-05-15,4.41,64.0,17323.0
114,2020-05-16,4.85,46.0,17393.0
115,2020-05-17,5.06,24.0,17447.0
116,2020-05-18,6.73,38.0,17570.0
117,2020-05-19,8.3,69.0,17695.0
118,2020-05-20,8.53,43.0,17793.0
119,2020-05-21,7.31,28.0,17851.0
120,2020-05-22,6.99,36.0,17925.0
121,2020-05-23,6.95,30.0,17968.0
122,2020-05-24,6.96,24.0,18003.0
123,2020-05-25,6.34,45.0,18093.0
124,2020-05-26,5.92,37.0,18175.0
125,2020-05-27,5.43,32.0,18240.0
126,2020-05-28,6.1,36.0,18306.0
127,2020-05-29,5.76,29.0,18367.0
128,2020-05-30,5.94,29.0,18424.0
129,2020-05-31,5.98,18.0,18455.0
130,2020-06-01,5.18,9.0,18486.0
131,2020-06-02,5.1,33.0,18570.0
132,2020-06-03,5.0,26.0,18651.0
133,2020-06-04,4.97,23.0,18695.0
134,2020-06-05,4.91,19.0,18741.0
135,2020-06-06,4.8,15.0,18772.0
136,2020-06-07,4.72,4.0,18785.0
137,2020-06-08,5.3,23.0,18839.0
138,2020-06-09,5.08,15.0,18892.0
139,2020-06-10,4.94,23.0,18915.0
140,2020-06-11,4.94,26.0,18942.0
141,2020-06-12,5.02,18.0,18970.0
142,2020-06-13,4.9,14.0,18994.0
143,2020-06-14,4.89,6.0,19003.0
144,2020-06-15,4.8,12.0,19032.0
145,2020-06-16,4.8,14.0,19070.0
146,2020-06-17,5.07,14.0,19098.0
147,2020-06-18,5.0,15.0,19126.0
148,2020-06-19,5.13,10.0,19140.0
149,2020-06-20,5.33,7.0,19156.0
150,2020-06-21,5.3,5.0,19163.0
151,2020-06-22,5.45,16.0,19186.0
152,2020-06-23,5.59,15.0,19212.0
153,2020-06-24,5.48,8.0,19223.0
154,2020-06-25,5.37,15.0,19244.0
155,2020-06-26,5.2,15.0,19270.0
156,2020-06-27,5.18,9.0,19285.0
157,2020-06-28,5.33,4.0,19287.0
158,2020-06-29,5.44,15.0,19305.0
159,2020-06-30,5.54,8.0,19326.0
160,2020-07-01,5.48,17.0,19344.0
161,2020-07-02,5.6,12.0,19358.0
162,2020-07-03,5.86,12.0,19376.0
163,2020-07-04,5.88,4.0,19388.0
164,2020-07-05,5.71,5.0,19390.0
165,2020-07-06,5.72,10.0,19403.0
166,2020-07-07,5.49,21.0,19437.0
167,2020-07-08,5.6,18.0,19469.0
168,2020-07-09,5.78,8.0,19483.0
169,2020-07-10,5.94,9.0,19508.0
170,2020-07-11,5.95,7.0,19514.0
171,2020-07-12,5.97,5.0,19515.0
172,2020-07-13,6.27,10.0,19533.0
173,2020-07-14,5.7,7.0,19539.0
174,2020-07-15,5.92,16.0,19559.0
175,2020-07-16,6.32,23.0,19577.0
176,2020-07-17,6.48,17.0,19591.0
177,2020-07-18,6.61,6.0,19599.0
178,2020-07-19,6.72,4.0,19600.0
179,2020-07-20,6.94,18.0,19616.0
180,2020-07-21,8.31,12.0,19629.0
181,2020-07-22,8.78,17.0,19636.0
182,2020-07-23,9.04,13.0,19646.0
183,2020-07-24,9.51,16.0,19656.0
184,2020-07-25,9.78,8.0,19664.0
185,2020-07-26,9.89,1.0,19665.0
186,2020-07-27,10.48,25.0,19673.0
187,2020-07-28,10.88,22.0,19688.0
188,2020-07-29,11.33,14.0,19703.0
189,2020-07-30,11.93,14.0,19719.0
190,2020-07-31,12.46,16.0,19730.0
191,2020-08-01,12.71,11.0,19736.0
192,2020-08-02,12.69,3.0,19737.0
193,2020-08-03,13.58,29.0,19759.0
194,2020-08-04,14.54,21.0,19770.0
195,2020-08-05,15.27,15.0,19779.0
196,2020-08-06,16.18,21.0,19786.0
197,2020-08-07,17.17,20.0,19798.0
198,2020-08-08,17.49,12.0,19800.0
199,2020-08-09,17.78,4.0,19800.0
200,2020-08-10,19.02,28.0,19814.0
201,2020-08-11,20.04,21.0,19829.0
202,2020-08-12,21.43,17.0,19846.0
203,2020-08-13,23.5,25.0,19863.0
204,2020-08-14,25.84,20.0,19881.0
205,2020-08-15,25.49,15.0,19884.0
206,2020-08-16,25.86,2.0,19885.0
207,2020-08-17,29.1,34.0,19904.0
208,2020-08-18,32.16,28.0,19920.0
209,2020-08-19,35.09,31.0,19937.0
210,2020-08-20,37.46,28.0,19949.0
211,2020-08-21,39.32,37.0,19972.0
212,2020-08-22,41.5,10.0,19980.0
213,2020-08-23,41.98,6.0,19981.0
214,2020-08-24,44.88,43.0,19996.0
215,2020-08-25,47.99,49.0,20016.0
216,2020-08-26,50.74,21.0,20034.0
217,2020-08-27,54.17,32.0,20046.0
218,2020-08-28,57.92,32.0,20065.0
219,2020-08-29,59.13,28.0,20071.0
220,2020-08-30,59.58,5.0,20075.0
221,2020-08-31,63.33,45.0,20104.0
222,2020-09-01,66.37,54.0,20123.0
223,2020-09-02,69.9,57.0,20148.0
224,2020-09-03,73.36,55.0,20168.0
225,2020-09-04,77.02,46.0,20186.0
226,2020-09-05,78.52,23.0,20198.0
227,2020-09-06,78.75,8.0,20201.0
228,2020-09-07,82.87,83.0,20226.0
229,2020-09-08,87.03,86.0,20265.0
230,2020-09-09,90.4,71.0,20295.0
231,2020-09-10,93.82,54.0,20314.0
232,2020-09-11,95.6,64.0,20354.0
233,2020-09-12,96.27,51.0,20371.0
234,2020-09-13,96.41,18.0,20377.0
235,2020-09-14,100.12,104.0,20411.0
236,2020-09-15,102.9,117.0,20447.0
237,2020-09-16,106.06,100.0,20493.0
238,2020-09-17,108.6,81.0,20543.0
239,2020-09-18,111.59,100.0,20665.0
240,2020-09-19,112.66,73.0,20690.0
241,2020-09-20,113.02,24.0,20701.0
242,2020-09-21,114.36,143.0,20754.0
243,2020-09-22,115.41,130.0,20821.0
244,2020-09-23,114.73,124.0,20864.0
245,2020-09-24,113.2,124.0,20916.0
246,2020-09-25,111.68,129.0,20971.0
247,2020-09-26,111.06,89.0,21010.0
248,2020-09-27,110.44,47.0,21037.0
249,2020-09-28,107.58,137.0,21118.0
250,2020-09-29,105.45,165.0,21177.0
251,2020-09-30,105.96,135.0,21240.0
252,2020-10-01,108.81,142.0,21303.0
253,2020-10-02,114.66,120.0,21350.0
254,2020-10-03,118.27,103.0,21393.0
255,2020-10-04,119.16,91.0,21425.0
256,2020-10-05,130.67,152.0,21494.0
257,2020-10-06,140.91,168.0,21556.0
258,2020-10-07,151.91,143.0,21636.0
259,2020-10-08,163.7,114.0,21712.0
260,2020-10-09,175.43,150.0,21774.0
261,2020-10-10,181.54,110.0,21828.0
262,2020-10-11,183.4,73.0,21874.0
263,2020-10-12,198.7,171.0,21969.0
264,2020-10-13,212.0,226.0,22053.0
265,2020-10-14,224.04,193.0,22157.0
266,2020-10-15,238.17,219.0,22245.0
267,2020-10-16,252.38,212.0,22367.0
268,2020-10-17,258.3,175.0,22456.0
269,2020-10-18,260.49,147.0,22541.0
270,2020-10-19,280.71,269.0,22687.0
271,2020-10-20,304.22,278.0,22849.0
272,2020-10-21,330.97,284.0,23012.0
273,2020-10-22,359.42,262.0,23174.0
274,2020-10-23,391.85,299.0,23358.0
275,2020-10-24,406.55,233.0,23495.0
276,2020-10-25,410.45,191.0,23611.0
277,2020-10-26,445.44,357.0,23868.0
278,2020-10-27,471.05,431.0,24156.0
279,2020-10-28,486.21,372.0,24400.0
280,2020-10-29,493.77,395.0,24635.0
281,2020-10-30,498.56,422.0,24890.0
282,2020-10-31,500.23,339.0,25113.0
283,2020-11-01,499.72,289.0,25344.0
284,2020-11-02,501.72,430.0,25760.0
285,2020-11-03,498.08,469.0,26186.0
286,2020-11-04,487.94,540.0,26571.0
287,2020-11-05,474.15,447.0,26934.0
288,2020-11-06,453.92,434.0,27332.0
289,2020-11-07,441.5,394.0,27636.0
290,2020-11-08,437.62,323.0,27906.0
291,2020-11-09,404.17,484.0,28454.0
292,2020-11-10,371.86,472.0,28920.0
293,2020-11-11,305.18,351.0,29248.0
294,2020-11-12,289.68,386.0,29673.0
295,2020-11-13,265.72,473.0,30129.0
296,2020-11-14,255.37,327.0,30483.0
297,2020-11-15,252.88,270.0,30785.0
298,2020-11-16,227.08,366.0,31291.0
299,2020-11-17,203.81,382.0,31719.0
300,2020-11-18,221.68,361.0,32144.0
301,2020-11-19,192.33,311.0,32573.0
302,2020-11-20,173.42,264.0,32954.0
303,2020-11-21,167.83,220.0,33207.0
304,2020-11-22,166.53,171.0,33421.0
305,2020-11-23,147.77,244.0,33921.0
306,2020-11-24,135.74,270.0,34374.0
307,2020-11-25,128.7,258.0,34755.0
308,2020-11-26,122.28,192.0,35094.0
309,2020-11-27,116.62,206.0,35487.0
310,2020-11-28,114.87,122.0,35700.0
311,2020-11-29,114.52,102.0,35898.0
312,2020-11-30,111.69,196.0,36304.0
313,2020-12-01,109.69,234.0,36667.0
314,2020-12-02,108.06,161.0,36976.0
315,2020-12-03,107.32,184.0,37300.0
316,2020-12-04,107.47,165.0,37582.0
317,2020-12-05,108.22,125.0,37796.0
318,2020-12-06,108.44,101.0,37970.0
319,2020-12-07,109.74,203.0,38336.0
320,2020-12-08,111.01,214.0,38713.0
321,2020-12-09,112.78,170.0,39009.0
322,2020-12-10,115.05,191.0,39301.0
323,2020-12-11,117.33,180.0,39605.0
324,2020-12-12,119.21,127.0,39799.0
325,2020-12-13,119.65,89.0,39949.0
326,2020-12-14,124.05,210.0,40320.0
327,2020-12-15,128.05,211.0,40627.0
328,2020-12-16,132.02,220.0,40916.0
329,2020-12-17,135.46,151.0,41174.0
330,2020-12-18,140.53,176.0,41429.0
331,2020-12-19,144.75,123.0,41618.0
332,2020-12-20,147.17,91.0,41749.0
333,2020-12-21,149.55,179.0,42100.0
334,2020-12-22,153.11,256.0,42481.0
335,2020-12-23,155.24,200.0,42757.0
336,2020-12-24,150.92,187.0,43047.0
337,2020-12-25,126.8,112.0,43206.0
338,2020-12-26,125.43,101.0,43352.0
339,2020-12-27,123.08,107.0,43525.0
340,2020-12-28,124.23,229.0,43888.0
341,2020-12-29,126.03,251.0,44272.0
342,2020-12-30,129.56,209.0,44575.0
343,2020-12-31,133.38,177.0,44826.0
344,2021-01-01,133.69,99.0,44959.0
345,2021-01-02,139.11,101.0,45115.0
346,2021-01-03,140.19,101.0,45231.0
347,2021-01-04,148.77,246.0,45609.0
348,2021-01-05,152.58,245.0,45954.0
349,2021-01-06,152.99,234.0,46237.0
350,2021-01-07,157.78,181.0,46513.0
351,2021-01-08,184.42,245.0,46789.0
352,2021-01-09,180.73,143.0,46957.0
353,2021-01-10,180.37,118.0,47108.0
354,2021-01-11,177.77,208.0,47418.0
355,2021-01-12,175.13,258.0,47773.0
356,2021-01-13,175.66,208.0,48002.0
357,2021-01-14,177.45,206.0,48284.0
358,2021-01-15,179.69,249.0,48564.0
359,2021-01-16,181.03,188.0,48757.0
360,2021-01-17,181.43,136.0,48898.0
361,2021-01-18,185.97,254.0,49301.0
362,2021-01-19,189.52,315.0,49670.0
363,2021-01-20,192.0,292.0,49980.0
364,2021-01-21,194.85,253.0,50326.0
365,2021-01-22,197.71,270.0,50645.0
366,2021-01-23,199.18,172.0,50875.0
367,2021-01-24,199.06,175.0,51047.0
368,2021-01-25,200.14,299.0,51492.0
369,2021-01-26,199.39,343.0,51842.0
370,2021-01-27,198.84,318.0,52192.0
371,2021-01-28,199.63,272.0,52536.0
372,2021-01-29,200.0,271.0,52891.0
373,2021-01-30,200.1,192.0,53133.0
374,2021-01-31,200.68,148.0,53328.0
375,2021-02-01,200.98,318.0,53783.0
376,2021-02-02,201.81,369.0,54187.0
377,2021-02-03,201.21,275.0,54544.0
378,2021-02-04,198.69,275.0,54901.0
379,2021-02-05,196.31,255.0,55194.0
380,2021-02-06,195.15,168.0,55385.0
381,2021-02-07,194.35,160.0,55556.0
382,2021-02-08,187.86,356.0,56014.0
383,2021-02-09,183.45,334.0,56450.0
384,2021-02-10,179.78,282.0,56746.0
385,2021-02-11,174.98,269.0,57106.0
386,2021-02-12,170.62,264.0,57423.0
387,2021-02-13,168.61,191.0,57622.0
388,2021-02-14,168.58,113.0,57789.0
389,2021-02-15,167.51,306.0,58201.0
390,2021-02-16,167.42,323.0,58552.0
391,2021-02-17,169.55,311.0,58862.0
392,2021-02-18,174.04,262.0,59133.0
393,2021-02-19,179.6,309.0,59458.0
394,2021-02-20,182.24,195.0,59641.0
395,2021-02-21,182.91,141.0,59800.0
396,2021-02-22,189.16,274.0,60133.0
397,2021-02-23,192.8,345.0,60443.0
398,2021-02-24,194.81,319.0,60720.0
399,2021-02-25,195.6,301.0,60981.0
400,2021-02-26,194.62,303.0,61265.0
401,2021-02-27,194.75,208.0,61450.0
402,2021-02-28,194.61,164.0,61572.0
403,2021-03-01,192.02,347.0,61947.0
404,2021-03-02,190.49,366.0,62247.0
405,2021-03-03,189.6,322.0,62569.0
406,2021-03-04,188.81,293.0,62862.0
407,2021-03-05,189.27,324.0,63100.0
408,2021-03-06,190.88,233.0,63270.0
409,2021-03-07,191.19,187.0,63400.0
410,2021-03-08,194.04,381.0,63759.0
411,2021-03-09,197.74,421.0,64057.0
412,2021-03-10,202.73,343.0,64321.0
413,2021-03-11,208.89,385.0,64586.0
414,2021-03-12,215.64,306.0,64809.0
415,2021-03-13,220.6,263.0,64978.0
416,2021-03-14,222.23,188.0,65118.0
417,2021-03-15,236.3,401.0,65451.0
418,2021-03-16,246.91,435.0,65765.0
419,2021-03-17,256.81,357.0,66006.0
420,2021-03-18,266.6,382.0,66274.0
421,2021-03-19,276.67,383.0,66559.0
422,2021-03-20,282.19,317.0,66735.0
423,2021-03-21,283.33,196.0,66873.0
424,2021-03-22,295.51,471.0,67216.0
425,2021-03-23,306.44,488.0,67503.0
426,2021-03-24,316.42,384.0,67748.0
427,2021-03-25,326.89,408.0,67973.0
428,2021-03-26,336.97,476.0,68276.0
429,2021-03-27,343.57,332.0,68466.0
430,2021-03-28,343.75,238.0,68597.0
431,2021-03-29,352.97,484.0,68957.0
432,2021-03-30,361.13,569.0,69293.0
433,2021-03-31,364.86,472.0,69596.0
434,2021-04-01,366.77,480.0,69904.0
435,2021-04-02,364.9,505.0,70204.0
436,2021-04-03,363.67,399.0,70389.0
437,2021-04-04,363.37,270.0,70574.0
438,2021-04-05,297.03,284.0,70771.0
439,2021-04-06,312.34,632.0,71180.0
440,2021-04-07,311.57,673.0,71601.0
441,2021-04-08,307.84,498.0,71944.0
442,2021-04-09,306.76,498.0,72243.0
443,2021-04-10,306.38,388.0,72450.0
444,2021-04-11,306.51,286.0,72626.0
445,2021-04-12,362.67,492.0,73011.0
446,2021-04-13,333.65,555.0,73335.0
447,2021-04-14,322.63,441.0,73632.0
448,2021-04-15,314.33,501.0,73928.0
449,2021-04-16,305.86,463.0,74234.0
450,2021-04-17,300.41,359.0,74423.0
451,2021-04-18,299.78,233.0,74563.0
452,2021-04-19,292.5,502.0,75010.0
453,2021-04-20,287.15,601.0,75384.0
454,2021-04-21,283.43,476.0,75697.0
455,2021-04-22,278.3,478.0,75980.0
456,2021-04-23,272.44,436.0,76285.0
457,2021-04-24,268.11,348.0,76502.0
458,2021-04-25,266.66,218.0,76647.0
459,2021-04-26,255.99,470.0,77045.0
460,2021-04-27,247.14,484.0,77370.0
461,2021-04-28,236.59,349.0,77685.0
462,2021-04-29,226.61,392.0,77991.0
463,2021-04-30,218.14,323.0,78261.0
464,2021-05-01,197.99,310.0,78453.0
465,2021-05-02,197.88,173.0,78566.0
466,2021-05-03,189.98,386.0,78877.0
467,2021-05-04,183.1,355.0,79120.0
468,2021-05-05,176.42,312.0,79364.0
469,2021-05-06,170.23,273.0,79583.0
470,2021-05-07,163.51,269.0,79809.0
471,2021-05-08,163.56,191.0,79985.0
472,2021-05-09,162.54,124.0,80100.0
473,2021-05-10,155.1,265.0,80392.0
474,2021-05-11,149.79,285.0,80628.0
475,2021-05-12,147.45,217.0,80812.0
476,2021-05-13,126.45,139.0,80943.0
477,2021-05-14,125.32,152.0,81116.0
478,2021-05-15,132.61,134.0,81228.0
479,2021-05-16,131.78,102.0,81309.0
480,2021-05-17,125.63,204.0,81505.0
481,2021-05-18,123.95,247.0,81692.0
482,2021-05-19,120.42,168.0,81833.0
483,2021-05-20,134.61,202.0,81966.0
484,2021-05-21,127.3,139.0,82075.0
485,2021-05-22,125.62,115.0,82164.0
486,2021-05-23,124.83,73.0,82234.0
487,2021-05-24,100.55,66.0,82296.0
488,2021-05-25,102.11,205.0,82494.0
489,2021-05-26,99.4,181.0,82638.0
490,2021-05-27,97.29,127.0,82780.0
491,2021-05-28,94.47,155.0,82878.0
492,2021-05-29,92.33,93.0,82946.0
493,2021-05-30,91.9,43.0,82990.0
494,2021-05-31,104.3,140.0,83116.0
495,2021-06-01,91.5,145.0,83243.0
496,2021-06-02,85.15,106.0,83339.0
497,2021-06-03,79.05,94.0,83409.0
498,2021-06-04,73.11,91.0,83490.0
499,2021-06-05,69.5,62.0,83547.0
500,2021-06-06,68.63,52.0,83572.0
501,2021-06-07,61.92,97.0,83636.0
502,2021-06-08,57.52,106.0,83708.0
503,2021-06-09,52.47,94.0,83773.0
504,2021-06-10,47.7,74.0,83841.0
505,2021-06-11,43.72,66.0,83910.0
506,2021-06-12,41.1,48.0,83944.0
507,2021-06-13,40.52,26.0,83957.0
508,2021-06-14,35.54,71.0,84020.0
509,2021-06-15,32.31,69.0,84096.0
510,2021-06-16,29.78,39.0,84140.0
511,2021-06-17,27.8,46.0,84196.0
512,2021-06-18,25.76,53.0,84246.0
513,2021-06-19,24.62,24.0,84268.0
514,2021-06-20,24.43,15.0,84282.0
515,2021-06-21,22.56,48.0,84322.0
516,2021-06-22,21.41,47.0,84373.0
517,2021-06-23,20.61,42.0,84406.0
518,2021-06-24,19.83,27.0,84450.0
519,2021-06-25,19.16,39.0,84483.0
520,2021-06-26,18.95,14.0,84495.0
521,2021-06-27,19.01,13.0,84512.0
522,2021-06-28,19.24,41.0,84556.0
523,2021-06-29,19.66,29.0,84584.0
524,2021-06-30,20.87,31.0,84609.0
525,2021-07-01,21.96,30.0,84638.0
526,2021-07-02,23.47,17.0,84662.0
527,2021-07-03,24.79,17.0,84679.0
528,2021-07-04,25.29,12.0,84688.0
529,2021-07-05,27.89,30.0,84724.0
530,2021-07-06,30.15,30.0,84758.0
531,2021-07-07,32.76,30.0,84786.0
532,2021-07-08,35.49,26.0,84811.0
533,2021-07-09,38.35,30.0,84829.0
534,2021-07-10,40.35,9.0,84848.0
535,2021-07-11,41.09,4.0,84852.0
536,2021-07-12,46.98,55.0,84880.0
537,2021-07-13,54.31,37.0,84902.0
538,2021-07-14,51.39,19.0,84908.0
539,2021-07-15,64.66,36.0,84924.0
540,2021-07-16,76.05,33.0,84946.0
541,2021-07-17,85.44,21.0,84962.0
542,2021-07-18,88.51,9.0,84967.0
543,2021-07-19,109.87,76.0,84987.0
544,2021-07-20,127.75,61.0,85020.0
545,2021-07-21,157.43,64.0,85042.0
546,2021-07-22,168.27,59.0,85053.0
547,2021-07-23,182.95,69.0,85082.0
548,2021-07-24,192.07,35.0,85104.0
549,2021-07-25,194.1,16.0,85110.0
550,2021-07-26,209.48,135.0,85154.0
551,2021-07-27,216.78,121.0,85182.0
552,2021-07-28,220.53,91.0,85225.0
553,2021-07-29,225.65,91.0,85252.0
554,2021-07-30,228.13,165.0,85312.0
555,2021-07-31,228.15,91.0,85355.0
556,2021-08-01,228.22,69.0,85373.0
557,2021-08-02,229.82,170.0,85424.0
558,2021-08-03,231.31,218.0,85480.0
559,2021-08-04,232.48,157.0,85528.0
560,2021-08-05,233.95,150.0,85577.0
561,2021-08-06,236.3,165.0,85637.0
562,2021-08-07,238.17,136.0,85669.0
563,2021-08-08,239.18,117.0,85697.0
564,2021-08-09,241.96,230.0,85765.0
565,2021-08-10,244.93,211.0,85833.0
566,2021-08-11,246.76,158.0,85886.0
567,2021-08-12,248.8,191.0,85963.0
568,2021-08-13,247.97,188.0,86037.0
569,2021-08-14,248.57,118.0,86088.0
570,2021-08-15,248.27,73.0,86132.0
571,2021-08-16,245.44,178.0,86228.0
572,2021-08-17,240.4,245.0,86339.0
573,2021-08-18,234.42,299.0,86451.0
574,2021-08-19,227.53,186.0,86578.0
575,2021-08-20,223.3,214.0,86660.0
576,2021-08-21,219.22,165.0,86789.0
577,2021-08-22,218.31,103.0,86883.0
578,2021-08-23,211.5,235.0,86991.0
579,2021-08-24,205.64,214.0,87143.0
580,2021-08-25,199.64,182.0,87236.0
581,2021-08-26,193.53,191.0,87343.0
582,2021-08-27,186.64,194.0,87438.0
583,2021-08-28,181.61,119.0,87512.0
584,2021-08-29,180.09,71.0,87565.0
585,2021-08-30,169.28,159.0,87663.0
586,2021-08-31,161.79,218.0,87797.0
587,2021-09-01,156.25,187.0,87880.0
588,2021-09-02,149.33,143.0,87983.0
589,2021-09-03,142.29,159.0,88076.0
590,2021-09-04,138.89,124.0,88159.0
591,2021-09-05,137.74,60.0,88208.0
592,2021-09-06,129.05,187.0,88310.0
593,2021-09-07,122.1,200.0,88418.0
594,2021-09-08,115.0,174.0,88518.0
595,2021-09-09,110.21,139.0,88621.0
596,2021-09-10,105.3,135.0,88701.0
597,2021-09-11,101.22,91.0,88747.0
598,2021-09-12,99.87,34.0,88776.0
599,2021-09-13,92.65,116.0,88862.0
600,2021-09-14,87.73,137.0,88956.0
601,2021-09-15,83.82,119.0,89033.0
602,2021-09-16,79.76,103.0,89098.0
603,2021-09-17,76.23,81.0,89164.0
604,2021-09-18,73.97,68.0,89206.0
605,2021-09-19,73.25,33.0,89234.0
606,2021-09-20,68.97,114.0,89255.0
607,2021-09-21,65.96,136.0,89407.0
608,2021-09-22,63.09,68.0,89465.0
609,2021-09-23,61.14,71.0,89527.0
610,2021-09-24,59.15,72.0,89576.0
611,2021-09-25,57.91,54.0,89605.0
612,2021-09-26,57.54,35.0,89619.0
613,2021-09-27,55.64,94.0,89693.0
614,2021-09-28,54.4,79.0,89751.0
615,2021-09-29,53.08,52.0,89793.0
616,2021-09-30,51.66,58.0,89849.0
617,2021-10-01,49.92,48.0,89895.0
618,2021-10-02,48.61,33.0,89925.0
619,2021-10-03,48.46,19.0,89934.0
620,2021-10-04,46.53,71.0,89984.0
621,2021-10-05,45.38,75.0,90045.0
622,2021-10-06,44.41,40.0,90079.0
623,2021-10-07,43.92,47.0,90113.0
624,2021-10-08,43.58,52.0,90151.0
625,2021-10-09,43.94,26.0,90166.0
626,2021-10-10,43.89,17.0,90174.0
627,2021-10-11,44.53,58.0,90204.0
628,2021-10-12,45.33,68.0,90257.0
629,2021-10-13,46.41,58.0,90280.0
630,2021-10-14,48.94,44.0,90318.0
631,2021-10-15,48.94,43.0,90352.0
632,2021-10-16,48.64,25.0,90367.0
633,2021-10-17,48.62,18.0,90372.0
634,2021-10-18,49.02,67.0,90413.0
635,2021-10-19,49.87,63.0,90452.0
636,2021-10-20,51.39,44.0,90473.0
637,2021-10-21,51.34,59.0,90508.0
638,2021-10-22,53.77,58.0,90537.0
639,2021-10-23,55.42,42.0,90560.0
640,2021-10-24,55.53,21.0,90564.0
641,2021-10-25,56.43,74.0,90605.0
642,2021-10-26,57.03,112.0,90643.0
643,2021-10-27,57.48,61.0,90677.0
644,2021-10-28,57.68,58.0,90710.0
645,2021-10-29,59.52,67.0,90737.0
646,2021-10-30,61.69,44.0,90759.0
647,2021-10-31,62.57,20.0,90771.0
648,2021-11-01,54.45,28.0,90777.0
649,2021-11-02,62.67,126.0,90851.0
650,2021-11-03,66.48,95.0,90890.0
651,2021-11-04,70.24,81.0,90937.0
652,2021-11-05,73.84,82.0,90963.0
653,2021-11-06,76.52,55.0,90988.0
654,2021-11-07,76.97,20.0,90998.0
655,2021-11-08,95.56,121.0,91053.0
656,2021-11-09,94.68,99.0,91097.0
657,2021-11-10,99.43,93.0,91130.0
658,2021-11-11,90.43,35.0,91147.0
659,2021-11-12,101.4,98.0,91195.0
660,2021-11-13,105.76,64.0,91211.0
661,2021-11-14,107.21,26.0,91228.0
662,2021-11-15,120.72,144.0,91298.0
663,2021-11-16,132.91,135.0,91345.0
664,2021-11-17,145.05,107.0,91395.0
665,2021-11-18,172.9,119.0,91447.0
666,2021-11-19,182.18,129.0,91497.0
667,2021-11-20,192.55,40.0,91520.0
668,2021-11-21,194.52,27.0,91535.0
669,2021-11-22,214.63,188.0,91629.0
670,2021-11-23,233.08,192.0,91713.0
671,2021-11-24,252.81,137.0,91793.0
672,2021-11-25,273.41,139.0,91865.0
673,2021-11-26,295.07,176.0,91925.0
674,2021-11-27,309.59,102.0,91959.0
675,2021-11-28,313.25,42.0,91982.0
676,2021-11-29,345.47,253.0,92085.0
677,2021-11-30,369.74,271.0,92199.0
678,2021-12-01,391.32,215.0,92292.0
679,2021-12-02,414.78,193.0,92395.0
680,2021-12-03,435.15,281.0,92508.0
681,2021-12-04,448.08,119.0,92557.0
682,2021-12-05,451.35,70.0,92586.0
683,2021-12-06,473.63,307.0,92778.0
684,2021-12-07,488.58,408.0,92942.0
685,2021-12-08,500.1,276.0,93071.0
686,2021-12-09,505.56,243.0,93198.0
687,2021-12-10,508.3,250.0,93339.0
688,2021-12-11,510.03,176.0,93404.0
689,2021-12-12,511.66,111.0,93452.0
690,2021-12-13,519.52,379.0,93683.0
691,2021-12-14,524.53,362.0,93841.0
692,2021-12-15,530.91,274.0,93992.0
693,2021-12-16,536.16,248.0,94157.0
694,2021-12-17,544.17,301.0,94319.0
695,2021-12-18,551.91,190.0,94404.0
696,2021-12-19,556.9,91.0,94479.0
697,2021-12-20,572.66,340.0,94703.0
698,2021-12-21,606.3,357.0,94913.0
699,2021-12-22,656.29,322.0,95083.0
700,2021-12-23,724.07,323.0,95262.0
701,2021-12-24,783.81,316.0,95429.0
702,2021-12-25,749.01,160.0,95513.0
703,2021-12-26,779.1,93.0,95609.0
704,2021-12-27,986.51,328.0,95865.0
705,2021-12-28,1173.44,417.0,96107.0
706,2021-12-29,1365.34,363.0,96291.0
707,2021-12-30,1556.17,299.0,96471.0
708,2021-12-31,1715.14,320.0,96660.0
709,2022-01-01,1734.13,197.0,96770.0
710,2022-01-02,1784.34,101.0,96861.0
711,2022-01-03,2091.04,352.0,97131.0
712,2022-01-04,2292.85,460.0,97424.0
713,2022-01-05,2418.07,396.0,97670.0
714,2022-01-06,2500.86,410.0,97874.0
715,2022-01-07,2611.69,358.0,98067.0
716,2022-01-08,2866.65,243.0,98209.0
717,2022-01-09,2878.76,151.0,98299.0
718,2022-01-10,2873.66,380.0,98579.0
719,2022-01-11,2858.63,492.0,98847.0
720,2022-01-12,2909.08,381.0,99093.0
721,2022-01-13,2950.63,334.0,99318.0
722,2022-01-14,3021.73,310.0,99509.0
723,2022-01-15,3090.59,218.0,99657.0
724,2022-01-16,3123.09,119.0,99755.0
725,2022-01-17,3271.05,355.0,100051.0
726,2022-01-18,3394.29,367.0,100339.0
727,2022-01-19,3512.01,330.0,100570.0
728,2022-01-20,3624.54,301.0,100815.0
729,2022-01-21,3704.91,329.0,101048.0
730,2022-01-22,3753.04,214.0,101215.0
731,2022-01-23,3759.43,143.0,101330.0
732,2022-01-24,3814.76,337.0,101723.0
733,2022-01-25,3787.59,380.0,102086.0
734,2022-01-26,3731.38,341.0,102344.0
735,2022-01-27,3661.99,316.0,102612.0
736,2022-01-28,3582.22,321.0,102875.0
737,2022-01-29,3511.87,189.0,103053.0
738,2022-01-30,3478.97,115.0,103180.0
739,2022-01-31,3303.34,334.0,103528.0
740,2022-02-01,3146.51,454.0,103909.0
741,2022-02-02,2984.07,366.0,104185.0
742,2022-02-03,2814.91,310.0,104449.0
743,2022-02-04,2640.96,402.0,104804.0
744,2022-02-05,2511.53,225.0,104974.0
745,2022-02-06,2460.38,106.0,105103.0
746,2022-02-07,2173.98,328.0,105520.0
747,2022-02-08,1972.95,320.0,105882.0
748,2022-02-09,1789.23,296.0,106137.0
749,2022-02-10,1634.31,288.0,106447.0
750,2022-02-11,1496.64,245.0,106716.0
751,2022-02-12,1401.5,156.0,106877.0
752,2022-02-13,1373.5,90.0,106984.0
753,2022-02-14,1208.76,311.0,107369.0
754,2022-02-15,1110.38,291.0,107670.0
755,2022-02-16,1023.78,207.0,107913.0
756,2022-02-17,952.52,228.0,108171.0
757,2022-02-18,890.66,196.0,108444.0
758,2022-02-19,850.21,127.0,108592.0
759,2022-02-20,836.72,67.0,108671.0
760,2022-02-21,766.29,210.0,108954.0
761,2022-02-22,722.56,206.0,109240.0
762,2022-02-23,682.58,177.0,109452.0
763,2022-02-24,649.18,150.0,109649.0
764,2022-02-25,616.25,111.0,109837.0
765,2022-02-26,593.54,62.0,109928.0
766,2022-02-27,587.24,59.0,109980.0
767,2022-02-28,561.03,163.0,110212.0
768,2022-03-01,548.73,218.0,110412.0
769,2022-03-02,541.9,153.0,110577.0
770,2022-03-03,541.24,100.0,110744.0
771,2022-03-04,541.63,104.0,110898.0
772,2022-03-05,546.22,55.0,111006.0
773,2022-03-06,549.04,28.0,111038.0
774,2022-03-07,570.33,153.0,111211.0
775,2022-03-08,587.94,125.0,111376.0
776,2022-03-09,609.65,120.0,111511.0
777,2022-03-10,632.68,121.0,111611.0
778,2022-03-11,660.79,119.0,111744.0
779,2022-03-12,683.49,57.0,111795.0
780,2022-03-13,689.56,27.0,111824.0
781,2022-03-14,746.13,118.0,111984.0
782,2022-03-15,785.93,141.0,112128.0
783,2022-03-16,826.39,97.0,112273.0
784,2022-03-17,864.91,100.0,112379.0
785,2022-03-18,903.14,118.0,112480.0
786,2022-03-19,933.03,51.0,112534.0
787,2022-03-20,940.74,30.0,112561.0
788,2022-03-21,1030.07,124.0,112713.0
789,2022-03-22,1099.37,147.0,112843.0
790,2022-03-23,1170.29,109.0,112934.0
791,2022-03-24,1236.15,101.0,113046.0
792,2022-03-25,1296.87,117.0,113158.0
793,2022-03-26,1336.4,54.0,113217.0
794,2022-03-27,1342.73,32.0,113242.0
795,2022-03-28,1405.25,174.0,113391.0
796,2022-03-29,1440.92,154.0,113527.0
797,2022-03-30,1461.68,152.0,113659.0
798,2022-03-31,1466.14,160.0,113779.0
799,2022-04-01,1454.83,148.0,113904.0
800,2022-04-02,1443.23,77.0,113961.0
801,2022-04-03,1440.16,37.0,113985.0
802,2022-04-04,1415.96,177.0,114131.0
803,2022-04-05,1401.56,199.0,114258.0
804,2022-04-06,1392.38,164.0,114374.0
805,2022-04-07,1394.98,135.0,114469.0
806,2022-04-08,1408.76,160.0,114593.0
807,2022-04-09,1414.78,69.0,114667.0
808,2022-04-10,1411.78,47.0,114695.0
809,2022-04-11,1389.23,171.0,114871.0
810,2022-04-12,1365.94,269.0,115027.0
811,2022-04-13,1331.92,179.0,115161.0
812,2022-04-14,1296.71,189.0,115284.0
813,2022-04-15,1251.2,209.0,115427.0
814,2022-04-16,1222.5,63.0,115472.0
815,2022-04-17,1214.7,38.0,115501.0
816,2022-04-18,948.39,34.0,115545.0
817,2022-04-19,987.27,203.0,115726.0
818,2022-04-20,930.63,261.0,115947.0
819,2022-04-21,874.42,181.0,116114.0
820,2022-04-22,829.72,153.0,116253.0
821,2022-04-23,789.07,69.0,116312.0
822,2022-04-24,780.43,35.0,116345.0
823,2022-04-25,893.82,198.0,116541.0
824,2022-04-26,742.07,202.0,116708.0
825,2022-04-27,685.02,168.0,116854.0
826,2022-04-28,633.78,155.0,116970.0
827,2022-04-29,587.96,141.0,117119.0
828,2022-04-30,557.25,45.0,117171.0
829,2022-05-01,549.94,19.0,117193.0
830,2022-05-02,501.87,139.0,117371.0
831,2022-05-03,474.59,142.0,117491.0
832,2022-05-04,452.55,98.0,117593.0
833,2022-05-05,434.53,117.0,117708.0
834,2022-05-06,418.04,102.0,117810.0
835,2022-05-07,407.48,116.0,117869.0
836,2022-05-08,406.06,24.0,117912.0
837,2022-05-09,389.33,115.0,118044.0
838,2022-05-10,378.24,141.0,118166.0
839,2022-05-11,366.74,94.0,118253.0
840,2022-05-12,355.92,91.0,118337.0
841,2022-05-13,344.91,77.0,118431.0
842,2022-05-14,335.28,42.0,118494.0
843,2022-05-15,333.26,13.0,118508.0
844,2022-05-16,312.09,94.0,118633.0
845,2022-05-17,298.95,106.0,118723.0
846,2022-05-18,286.34,67.0,118801.0
847,2022-05-19,274.17,69.0,118864.0
848,2022-05-20,262.31,62.0,118926.0
849,2022-05-21,254.08,35.0,118968.0
850,2022-05-22,251.75,5.0,118976.0
851,2022-05-23,233.61,79.0,119058.0
852,2022-05-24,221.66,87.0,119146.0
853,2022-05-25,211.96,59.0,119193.0
854,2022-05-26,182.72,45.0,119220.0
855,2022-05-27,186.53,35.0,119264.0
856,2022-05-28,185.33,30.0,119287.0
857,2022-05-29,185.89,6.0,119300.0
858,2022-05-30,191.31,79.0,119385.0
859,2022-05-31,197.45,79.0,119461.0
860,2022-06-01,204.72,45.0,119517.0
861,2022-06-02,235.31,55.0,119558.0
862,2022-06-03,235.77,51.0,119593.0
863,2022-06-04,242.32,35.0,119624.0
864,2022-06-05,244.55,8.0,119631.0
865,2022-06-06,207.57,7.0,119640.0
866,2022-06-07,254.33,76.0,119714.0
867,2022-06-08,274.48,84.0,119791.0
868,2022-06-09,292.7,63.0,119830.0
869,2022-06-10,308.29,63.0,119868.0
870,2022-06-11,320.83,43.0,119886.0
871,2022-06-12,324.08,4.0,119891.0
872,2022-06-13,409.26,71.0,119958.0
873,2022-06-14,400.74,66.0,120015.0
874,2022-06-15,421.35,75.0,120062.0
875,2022-06-16,440.64,71.0,120110.0
876,2022-06-17,463.0,63.0,120153.0
877,2022-06-18,479.66,31.0,120170.0
878,2022-06-19,484.11,8.0,120172.0
879,2022-06-20,530.05,100.0,120217.0
880,2022-06-21,568.61,76.0,120273.0
881,2022-06-22,609.33,93.0,120337.0
882,2022-06-23,652.74,60.0,120377.0
883,2022-06-24,698.39,99.0,120426.0
884,2022-06-25,735.94,29.0,120448.0
885,2022-06-26,745.2,13.0,120457.0
886,2022-06-27,827.87,127.0,120504.0
887,2022-06-28,897.72,105.0,120541.0
888,2022-06-29,976.96,106.0,120588.0
889,2022-06-30,1044.4,105.0,120630.0
890,2022-07-01,1094.55,105.0,120681.0
891,2022-07-02,1135.02,44.0,120711.0
892,2022-07-03,1145.9,17.0,120724.0
893,2022-07-04,1242.49,146.0,120821.0
894,2022-07-05,1285.11,158.0,120896.0
895,2022-07-06,1321.19,127.0,120942.0
896,2022-07-07,1340.1,122.0,121028.0
897,2022-07-08,1350.87,126.0,121102.0
898,2022-07-09,1351.74,82.0,121136.0
899,2022-07-10,1348.6,27.0,121151.0
900,2022-07-11,1306.51,176.0,121259.0
901,2022-07-12,1262.23,215.0,121382.0
902,2022-07-13,1199.51,177.0,121486.0
903,2022-07-14,1026.35,72.0,121535.0
904,2022-07-15,1025.4,131.0,121638.0
905,2022-07-16,990.18,95.0,121697.0
906,2022-07-17,982.55,18.0,121714.0
907,2022-07-18,905.56,195.0,121888.0
908,2022-07-19,850.65,211.0,122032.0
909,2022-07-20,797.91,144.0,122140.0
910,2022-07-21,875.72,161.0,122268.0
911,2022-07-22,786.19,148.0,122372.0
912,2022-07-23,754.15,55.0,122419.0
913,2022-07-24,744.58,22.0,122438.0
914,2022-07-25,670.5,180.0,122568.0
915,2022-07-26,627.98,188.0,122687.0
916,2022-07-27,585.39,97.0,122782.0
917,2022-07-28,543.58,102.0,122886.0
918,2022-07-29,503.28,111.0,122968.0
919,2022-07-30,477.1,65.0,123020.0
920,2022-07-31,471.41,16.0,123036.0
921,2022-08-01,422.68,130.0,123157.0
922,2022-08-02,393.85,141.0,123258.0
923,2022-08-03,367.95,92.0,123341.0
924,2022-08-04,346.56,107.0,123426.0
925,2022-08-05,328.02,106.0,123503.0
926,2022-08-06,314.29,42.0,123538.0
927,2022-08-07,310.99,8.0,123548.0
928,2022-08-08,285.65,99.0,123657.0
929,2022-08-09,269.43,103.0,123768.0
930,2022-08-10,256.17,66.0,123848.0
931,2022-08-11,244.84,82.0,123928.0
932,2022-08-12,234.2,82.0,123997.0
933,2022-08-13,227.7,21.0,124033.0
934,2022-08-14,227.07,12.0,124051.0
935,2022-08-15,178.31,14.0,124058.0
936,2022-08-16,194.7,110.0,124171.0
937,2022-08-17,192.22,109.0,124263.0
938,2022-08-18,188.88,82.0,124352.0
939,2022-08-19,186.59,65.0,124424.0
940,2022-08-20,184.49,34.0,124461.0
941,2022-08-21,183.38,4.0,124464.0
942,2022-08-22,218.1,51.0,124527.0
943,2022-08-23,193.84,56.0,124615.0
944,2022-08-24,189.25,65.0,124667.0
945,2022-08-25,186.37,45.0,124710.0
946,2022-08-26,183.95,58.0,124760.0
947,2022-08-27,182.63,19.0,124779.0
948,2022-08-28,182.27,9.0,124786.0
949,2022-08-29,179.41,75.0,124864.0
950,2022-08-30,176.78,79.0,124936.0
951,2022-08-31,174.93,50.0,124986.0
952,2022-09-01,172.32,43.0,125024.0
953,2022-09-02,168.87,40.0,125079.0
954,2022-09-03,167.0,14.0,125091.0
955,2022-09-04,166.72,3.0,125094.0
956,2022-09-05,166.21,49.0,125161.0
957,2022-09-06,167.26,59.0,125221.0
958,2022-09-07,169.72,96.0,125262.0
959,2022-09-08,173.94,53.0,125318.0
960,2022-09-09,179.61,33.0,125349.0
961,2022-09-10,184.98,22.0,125363.0
962,2022-09-11,186.77,1.0,125367.0
963,2022-09-12,209.65,41.0,125407.0
964,2022-09-13,229.93,63.0,125456.0
965,2022-09-14,249.91,41.0,125488.0
966,2022-09-15,268.01,50.0,125520.0
967,2022-09-16,283.25,40.0,125546.0
968,2022-09-17,293.27,25.0,125555.0
969,2022-09-18,294.03,3.0,125556.0
970,2022-09-19,309.31,48.0,125614.0
971,2022-09-20,315.51,68.0,125662.0
972,2022-09-21,322.83,44.0,125694.0
973,2022-09-22,331.48,56.0,125723.0
974,2022-09-23,343.98,43.0,125756.0
975,2022-09-24,355.84,26.0,125769.0
976,2022-09-25,359.48,2.0,125772.0
977,2022-09-26,393.37,69.0,125823.0
978,2022-09-27,414.19,90.0,125863.0
979,2022-09-28,433.54,77.0,125900.0
980,2022-09-29,449.3,64.0,125932.0
981,2022-09-30,461.9,75.0,125961.0
982,2022-10-01,470.69,35.0,125978.0
983,2022-10-02,472.3,8.0,125982.0
984,2022-10-03,496.91,97.0,126044.0
985,2022-10-04,517.69,99.0,126118.0
986,2022-10-05,536.56,91.0,126159.0
987,2022-10-06,554.77,121.0,126204.0
988,2022-10-07,569.98,81.0,126256.0
989,2022-10-08,577.19,25.0,126281.0
990,2022-10-09,578.08,10.0,126287.0
991,2022-10-10,586.65,111.0,126366.0
992,2022-10-11,586.54,115.0,126438.0
993,2022-10-12,586.17,74.0,126493.0
994,2022-10-13,582.88,98.0,126552.0
995,2022-10-14,579.61,111.0,126628.0
996,2022-10-15,578.41,55.0,126657.0
997,2022-10-16,578.49,17.0,126670.0
998,2022-10-17,569.24,164.0,126782.0
999,2022-10-18,560.05,127.0,126881.0
1000,2022-10-19,547.59,109.0,126979.0
1001,2022-10-20,533.15,115.0,127041.0
1002,2022-10-21,515.54,97.0,127122.0
1003,2022-10-22,500.91,38.0,127154.0
1004,2022-10-23,496.87,13.0,127171.0
1005,2022-10-24,451.25,108.0,127293.0
1006,2022-10-25,421.89,119.0,127424.0
1007,2022-10-26,393.07,109.0,127483.0
1008,2022-10-27,358.52,98.0,127549.0
1009,2022-10-28,329.05,91.0,127608.0
1010,2022-10-29,308.26,34.0,127647.0
1011,2022-10-30,304.53,9.0,127656.0
1012,2022-10-31,256.7,100.0,127767.0
1013,2022-11-01,207.35,55.0,127818.0
1014,2022-11-02,218.57,108.0,127908.0
1015,2022-11-03,223.3,91.0,127963.0
1016,2022-11-04,227.83,68.0,128037.0
1017,2022-11-05,231.87,28.0,128069.0
1018,2022-11-06,232.65,8.0,128074.0
1019,2022-11-07,250.15,90.0,128183.0
1020,2022-11-08,283.13,87.0,128300.0
1021,2022-11-09,258.55,77.0,128369.0
1022,2022-11-10,255.19,70.0,128420.0
1023,2022-11-11,224.31,19.0,128447.0
1024,2022-11-12,236.94,13.0,128457.0
1025,2022-11-13,238.53,11.0,128458.0
1026,2022-11-14,249.4,102.0,128558.0
1027,2022-11-15,259.58,97.0,128667.0
1028,2022-11-16,268.59,89.0,128737.0
1029,2022-11-17,287.08,70.0,128812.0
1030,2022-11-18,330.01,74.0,128881.0
1031,2022-11-19,327.87,30.0,128907.0
1032,2022-11-20,329.09,20.0,128909.0
1033,2022-11-21,356.43,98.0,129003.0
1034,2022-11-22,376.56,95.0,129092.0
1035,2022-11-23,401.37,105.0,129167.0
1036,2022-11-24,416.14,75.0,129223.0
1037,2022-11-25,436.02,100.0,129285.0
1038,2022-11-26,451.4,45.0,129314.0
1039,2022-11-27,455.33,12.0,129322.0
1040,2022-11-28,496.08,147.0,129417.0
1041,2022-11-29,523.6,124.0,129505.0
1042,2022-11-30,552.33,124.0,129596.0
1043,2022-12-01,564.75,94.0,129672.0
1044,2022-12-02,572.02,110.0,129739.0
1045,2022-12-03,576.0,53.0,129777.0
1046,2022-12-04,578.76,15.0,129787.0
1047,2022-12-05,600.44,118.0,129891.0
1048,2022-12-06,610.61,131.0,130008.0
1049,2022-12-07,612.73,143.0,130101.0
1050,2022-12-08,624.99,149.0,130158.0
1051,2022-12-09,637.94,122.0,130242.0
1052,2022-12-10,645.82,64.0,130296.0
1053,2022-12-11,645.4,14.0,130316.0
1054,2022-12-12,633.29,178.0,130482.0
1055,2022-12-13,623.19,173.0,130617.0
1056,2022-12-14,609.7,181.0,130721.0
1057,2022-12-15,596.87,157.0,130819.0
1058,2022-12-16,582.22,130.0,130944.0
1059,2022-12-17,568.99,71.0,130987.0
1060,2022-12-18,565.03,15.0,131011.0
1061,2022-12-19,524.12,155.0,131188.0
1062,2022-12-20,503.08,194.0,131317.0
1063,2022-12-21,483.98,179.0,131441.0
1064,2022-12-22,464.42,119.0,131554.0
1065,2022-12-23,447.16,139.0,131706.0
1066,2022-12-24,430.39,52.0,131755.0
1067,2022-12-25,423.14,11.0,131773.0
1068,2022-12-26,360.44,110.0,131906.0
1069,2022-12-27,320.24,185.0,132112.0
1070,2022-12-28,283.7,183.0,132246.0
1071,2022-12-29,255.07,103.0,132373.0
1072,2022-12-30,227.95,105.0,132475.0
1073,2022-12-31,212.27,47.0,132517.0
1074,2023-01-01,210.84,21.0,132536.0
1075,2023-01-02,198.92,139.0,132708.0
1076,2023-01-03,180.58,140.0,132870.0
1077,2023-01-04,161.95,110.0,132985.0
1078,2023-01-05,142.44,114.0,133117.0
1079,2023-01-06,123.57,88.0,133236.0
1080,2023-01-07,112.12,41.0,133284.0
1081,2023-01-08,111.35,14.0,133301.0
1082,2023-01-09,94.1,90.0,133446.0
1083,2023-01-10,85.34,98.0,133561.0
1084,2023-01-11,78.07,89.0,133640.0
1085,2023-01-12,71.89,65.0,133690.0
1086,2023-01-13,66.69,88.0,133788.0
1087,2023-01-14,63.54,24.0,133808.0
1088,2023-01-15,62.72,10.0,133816.0
1089,2023-01-16,57.9,75.0,133896.0
1090,2023-01-17,55.24,50.0,133995.0
1091,2023-01-18,52.59,45.0,134073.0
1092,2023-01-19,50.19,38.0,134133.0
1093,2023-01-20,48.67,39.0,134176.0
1094,2023-01-21,47.59,12.0,134203.0
1095,2023-01-22,47.36,8.0,134212.0
1096,2023-01-23,45.63,55.0,134314.0
1097,2023-01-24,45.14,28.0,134373.0
1098,2023-01-25,45.49,38.0,134407.0
1099,2023-01-26,46.01,39.0,134457.0
1100,2023-01-27,46.3,29.0,134501.0
1101,2023-01-28,46.8,11.0,134532.0
1102,2023-01-29,46.71,5.0,134538.0
1103,2023-01-30,45.9,53.0,134597.0
1104,2023-01-31,44.75,31.0,134654.0
1105,2023-02-01,43.14,40.0,134707.0
1106,2023-02-02,41.67,30.0,134757.0
1107,2023-02-03,39.92,32.0,134784.0
1108,2023-02-04,38.32,7.0,134805.0
1109,2023-02-05,37.98,1.0,134805.0
1110,2023-02-06,35.48,36.0,134845.0
1111,2023-02-07,34.73,28.0,134887.0
1112,2023-02-08,34.22,360.0,134918.0
1113,2023-02-09,33.59,22.0,134935.0
1114,2023-02-10,33.48,55.0,134955.0
1115,2023-02-11,33.22,10.0,134966.0
1116,2023-02-12,33.18,0.0,134967.0
1117,2023-02-13,33.2,34.0,135005.0
1118,2023-02-14,33.29,45.0,135040.0
1119,2023-02-15,34.01,31.0,135075.0
1120,2023-02-16,34.89,17.0,135101.0
1121,2023-02-17,35.71,36.0,135128.0
1122,2023-02-18,36.57,13.0,135144.0
1123,2023-02-19,36.83,1.0,135145.0
1124,2023-02-20,37.86,38.0,135175.0
1125,2023-02-21,38.53,35.0,135207.0
1126,2023-02-22,38.72,50.0,135245.0
1127,2023-02-23,38.8,17.0,135264.0
1128,2023-02-24,38.85,34.0,135293.0
1129,2023-02-25,38.62,12.0,135309.0
1130,2023-02-26,38.51,3.0,135310.0
1131,2023-02-27,38.17,31.0,135345.0
1132,2023-02-28,38.2,42.0,135379.0
1133,2023-03-01,37.81,33.0,135404.0
1134,2023-03-02,37.3,30.0,135425.0
1135,2023-03-03,37.35,34.0,135446.0
1136,2023-03-04,37.69,17.0,135463.0
1137,2023-03-05,37.94,2.0,135463.0
1138,2023-03-06,40.2,43.0,135489.0
1139,2023-03-07,42.45,34.0,135513.0
1140,2023-03-08,45.77,31.0,135540.0
1141,2023-03-09,49.65,25.0,135550.0
1142,2023-03-10,52.92,40.0,135577.0
1143,2023-03-11,54.89,6.0,135585.0
1144,2023-03-12,55.25,0.0,135585.0
1145,2023-03-13,59.93,51.0,135626.0
1146,2023-03-14,62.92,35.0,135653.0
1147,2023-03-15,65.28,38.0,135677.0
1148,2023-03-16,66.51,37.0,135701.0
1149,2023-03-17,67.82,53.0,135726.0
1150,2023-03-18,,19.0,135737.0
1151,2023-03-19,,2.0,135737.0
1152,2023-03-20,,68.0,135787.0
