,HFCS,Femmes,Hommes,YM
0,-1.923630918919805,-1.2464549128060027,0.05375886344569193,2023-02
1,-1.8327021974613722,-1.2464549128060027,0.05375886344569193,2023-01
2,-1.923630918919805,-1.2464549128060027,0.05375886344569193,2022-12
3,-1.7417734760029393,-1.2112369222748818,0.0682140245055334,2022-11
4,-1.8327021974613722,-1.1760189317437608,0.08266918556537489,2022-10
5,-2.1054883618366707,-1.1408009412126396,0.09712434662521637,2022-09
6,-1.8327021974613722,-1.1231919459470792,0.09712434662521637,2022-08
7,-2.1054883618366707,-1.1055829506815182,0.09712434662521637,2022-07
8,-1.8327021974613722,-1.0879739554159575,0.09712434662521637,2022-06
9,-1.5599160330860737,-1.070364960150397,0.08266918556537489,2022-05
10,-1.378058590169208,-1.0527559648848366,0.0682140245055334,2022-04
11,-1.1962011472523424,-1.035146969619276,0.05375886344569193,2022-03
12,-0.5597000970433127,-1.035146969619276,0.08266918556537489,2022-02
13,-0.46877137558487986,-1.035146969619276,0.11157950768505784,2022-01
14,-0.377842654126447,-1.035146969619276,0.14048982980474078,2021-12
15,-0.46877137558487986,-0.8942750074947914,0.1838553129842656,2021-11
16,-0.377842654126447,-0.7534030453703068,0.22722079616379004,2021-10
17,-0.10505648975114855,-0.6125310832458222,0.27058627934331486,2021-09
18,-0.377842654126447,-0.6477490737769431,0.2850414404031563,2021-08
19,-0.10505648975114855,-0.6829670643080642,0.2994966014629978,2021-07
20,0.0768009531657171,-0.7181850548391853,0.3139517625228393,2021-06
21,-0.46877137558487986,-0.7357940501047457,0.38622756782204665,2021-05
22,-0.6506288185017455,-0.7534030453703068,0.45850337312125483,2021-04
23,-0.7415575399601783,-0.7710120406358673,0.5307791784204622,2021-03
24,-1.0143437043354768,-0.7357940501047463,0.48741369524093775,2021-02
25,-1.0143437043354768,-0.7005760595736248,0.44404821206141254,2021-01
26,-0.7415575399601783,-0.6653580690425037,0.40068272888188816,2020-12
27,-1.2871298687107753,-0.48926811638689754,0.5163240173606207,2020-11
28,-0.8324862614186112,-0.3131781637312923,0.6319653058393525,2020-10
29,-0.8324862614186112,-0.13708821107568614,0.7476065943180851,2020-09
30,-0.8324862614186112,-0.5244861069180196,0.5163240173606207,2020-08
31,-0.9234149828770439,-0.911884002760352,0.2850414404031563,2020-07
32,-0.6506288185017455,-1.2992818986026848,0.05375886344569193,2020-06
33,-1.1052724257939095,-1.0879739554159575,0.11157950768505784,2020-05
34,-0.8324862614186112,-0.8766660122292309,0.16940015192442412,2020-04
35,0.0768009531657171,-0.6653580690425037,0.22722079616379004,2020-03
36,0.16772967462414992,-0.6477490737769431,0.2994966014629978,2020-02
37,0.0768009531657171,-0.6301400785113827,0.3717724067622052,2020-01
38,-0.014127768292715726,-0.6125310832458222,0.4440482120614133,2019-12
39,0.25865839608258273,-0.5773130927147011,0.45850337312125483,2019-11
40,0.16772967462414992,-0.5420951021835791,0.4729585341810963,2019-10
41,0.0768009531657171,-0.5068771116524581,0.48741369524093775,2019-09
42,-0.014127768292715726,-0.48926811638689754,0.5018688563007793,2019-08
43,-0.10505648975114855,-0.471659121121337,0.5163240173606207,2019-07
44,-0.19598521120958137,-0.4540501258557765,0.5307791784204622,2019-06
45,-0.377842654126447,-0.40122314005909493,0.5741446615999867,2019-05
46,-0.46877137558487986,-0.3483961542624134,0.6175101447795118,2019-04
47,-0.5597000970433127,-0.2955691684657318,0.6608756279590362,2019-03
48,-0.6506288185017455,-0.26035117793461077,0.6464204668991947,2019-02
49,-0.9234149828770439,-0.22513318740348875,0.6319653058393525,2019-01
50,-1.378058590169208,-0.18991519687236771,0.617510144779511,2018-12
51,-1.0143437043354768,-0.18991519687236771,0.6608756279590354,2018-11
52,-0.6506288185017455,-0.18991519687236771,0.7042411111385607,2018-10
53,-0.8324862614186112,-0.18991519687236771,0.7476065943180851,2018-09
54,-0.5597000970433127,-0.15469720634124667,0.7620617553779265,2018-08
55,-0.5597000970433127,-0.11947921581012563,0.7765169164377681,2018-07
56,-0.5597000970433127,-0.08426122527900458,0.7909720774976096,2018-06
57,-0.2869139326680142,-0.04904323474788354,0.805427238557451,2018-05
58,-0.10505648975114855,-0.013825244216761555,0.8198823996172925,2018-04
59,-0.10505648975114855,0.021392746314359487,0.8343375606771339,2018-03
60,-0.19598521120958137,-0.0490432347478826,0.8198823996172925,2018-02
61,0.25865839608258273,-0.11947921581012563,0.805427238557451,2018-01
62,0.34958711754101557,-0.18991519687236771,0.7909720774976096,2017-12
63,0.0768009531657171,-0.10187022054456511,0.8487927217369754,2017-11
64,-0.19598521120958137,-0.013825244216761555,0.9066133659763421,2017-10
65,-0.10505648975114855,0.07421973211104106,0.9644340102157081,2017-09
66,0.0768009531657171,0.09182872737660158,0.9788891712755495,2017-08
67,0.0768009531657171,0.1094377226421621,0.993344332335391,2017-07
68,0.4405158389994484,0.12704671790772262,1.0077994933952323,2017-06
69,-0.10505648975114855,0.16226470843884366,1.0077994933952323,2017-05
70,-0.19598521120958137,0.1974826989699647,1.0077994933952323,2017-04
71,-0.10505648975114855,0.23270068950108574,1.0077994933952323,2017-03
72,-0.10505648975114855,0.2679186800322068,1.0945304597542813,2017-02
73,-0.19598521120958137,0.30313667056332877,1.181261426113331,2017-01
74,-0.2869139326680142,0.33835466109444984,1.2679923924723797,2016-12
75,-0.2869139326680142,0.35596365636001037,1.2101717482330139,2016-11
76,-0.377842654126447,0.37357265162557085,1.152351103993648,2016-10
77,-0.46877137558487986,0.3911816468911314,1.094530459754282,2016-09
78,-0.5597000970433127,0.35596365636001037,1.1668062650534894,2016-08
79,-0.6506288185017455,0.3207456658288893,1.2390820703526977,2016-07
80,-0.5597000970433127,0.28552767529776824,1.311357875651905,2016-06
81,-0.377842654126447,0.26791868003220776,1.369178519891271,2016-05
82,-0.7415575399601783,0.2503096847666463,1.4269991641306368,2016-04
83,-0.7415575399601783,0.23270068950108574,1.4848198083700026,2016-03
84,-0.6506288185017455,0.2503096847666463,1.4848198083700026,2016-02
85,-0.46877137558487986,0.26791868003220776,1.4848198083700026,2016-01
86,-0.5597000970433127,0.28552767529776824,1.4848198083700026,2015-12
87,-0.5597000970433127,0.30313667056332877,1.4992749694298442,2015-11
88,-0.5597000970433127,0.3207456658288893,1.5137301304896864,2015-10
89,-0.46877137558487986,0.33835466109444984,1.528185291549528,2015-09
90,-0.8324862614186112,0.35596365636001037,1.557095613669211,2015-08
91,-0.9234149828770439,0.37357265162557085,1.5860059357888938,2015-07
92,-0.8324862614186112,0.3911816468911314,1.6149162579085767,2015-06
93,-0.8324862614186112,0.35596365636001037,1.5715507747290522,2015-05
94,-0.7415575399601783,0.3207456658288893,1.528185291549527,2015-04
95,-0.7415575399601783,0.28552767529776824,1.4848198083700026,2015-03
96,-0.9234149828770439,0.33835466109444984,1.4992749694298442,2015-02
97,-1.1962011472523424,0.3911816468911314,1.5137301304896864,2015-01
98,-1.1962011472523424,0.444008632687813,1.528185291549528,2014-12
99,-1.378058590169208,0.444008632687813,1.4848198083700035,2014-11
100,-1.5599160330860737,0.444008632687813,1.4414543251904783,2014-10
101,-1.5599160330860737,0.444008632687813,1.3980888420109538,2014-09
102,-1.4689873116276408,0.4087906421566919,1.3836336809511123,2014-08
103,-1.4689873116276408,0.37357265162557085,1.369178519891271,2014-07
104,-1.5599160330860737,0.33835466109444984,1.3547233588314294,2014-06
105,-1.5599160330860737,0.3207456658288893,1.369178519891271,2014-05
106,-1.5599160330860737,0.30313667056332877,1.3836336809511123,2014-04
107,-1.378058590169208,0.28552767529776824,1.3980888420109538,2014-03
108,-1.6508447545445066,0.33835466109444984,1.3547233588314294,2014-02
109,-1.5599160330860737,0.3911816468911314,1.3113578756519042,2014-01
110,-1.6508447545445066,0.444008632687813,1.2679923924723797,2013-12
111,-1.6508447545445066,0.444008632687813,1.2969027145920626,2013-11
112,-1.4689873116276408,0.444008632687813,1.3258130367117464,2013-10
113,-1.5599160330860737,0.444008632687813,1.3547233588314294,2013-09
114,-1.6508447545445066,0.479226623218934,1.3836336809511123,2013-08
115,-1.8327021974613722,0.514444613750056,1.4125440030707954,2013-07
116,-2.1964170832951035,0.5496626042811771,1.4414543251904783,2013-06
117,-2.1054883618366707,0.5320536090156165,1.4269991641306368,2013-05
118,-1.8327021974613722,0.514444613750055,1.4125440030707954,2013-04
119,-1.8327021974613722,0.49683561848449453,1.3980888420109538,2013-03
120,-1.6508447545445066,0.479226623218934,1.3547233588314294,2013-02
121,-1.6508447545445066,0.46161762795337347,1.3113578756519042,2013-01
122,-1.5599160330860737,0.444008632687813,1.2679923924723797,2012-12
123,-1.7417734760029393,0.37357265162557085,1.2101717482330139,2012-11
124,-1.7417734760029393,0.3031366705633278,1.152351103993648,2012-10
125,-1.6508447545445066,0.23270068950108574,1.094530459754282,2012-09
126,-1.5599160330860737,0.2503096847666463,1.065620137634599,2012-08
127,-1.2871298687107753,0.26791868003220776,1.0367098155149155,2012-07
128,-1.0143437043354768,0.28552767529776824,1.0077994933952323,2012-06
129,-0.9234149828770439,0.21509169423552618,1.0077994933952323,2012-05
130,-1.1962011472523424,0.14465571317328316,1.0077994933952323,2012-04
131,-1.2871298687107753,0.07421973211104106,1.0077994933952323,2012-03
132,-1.6508447545445066,0.07421973211104106,0.9644340102157081,2012-02
133,-1.7417734760029393,0.07421973211104106,0.9210685270361836,2012-01
134,-1.8327021974613722,0.07421973211104106,0.8777030438566592,2011-12
135,-1.7417734760029393,0.09182872737660158,0.8343375606771347,2011-11
136,-1.4689873116276408,0.1094377226421621,0.7909720774976096,2011-10
137,-1.7417734760029393,0.12704671790772262,0.7476065943180851,2011-09
138,-1.5599160330860737,0.1094377226421621,0.7186962721984022,2011-08
139,-1.2871298687107753,0.09182872737660158,0.6897859500787192,2011-07
140,-1.4689873116276408,0.07421973211104106,0.6608756279590362,2011-06
141,-1.4689873116276408,0.12704671790772262,0.6464204668991947,2011-05
142,-1.5599160330860737,0.1798737037044042,0.6319653058393525,2011-04
143,-1.4689873116276408,0.23270068950108574,0.617510144779511,2011-03
144,-1.1962011472523424,0.2503096847666463,0.617510144779511,2011-02
145,-1.2871298687107753,0.26791868003220776,0.617510144779511,2011-01
146,-1.1052724257939095,0.28552767529776824,0.617510144779511,2010-12
147,-0.8324862614186112,0.21509169423552618,0.675330789018877,2010-11
148,-1.0143437043354768,0.14465571317328316,0.7331514332582436,2010-10
149,-1.1052724257939095,0.07421973211104106,0.7909720774976096,2010-09
150,-1.1962011472523424,0.07421973211104106,0.805427238557451,2010-08
151,-1.4689873116276408,0.07421973211104106,0.8198823996172925,2010-07
152,-1.4689873116276408,0.07421973211104106,0.8343375606771339,2010-06
153,-1.378058590169208,0.07421973211104106,0.863247882796817,2010-05
154,-1.2871298687107753,0.07421973211104106,0.8921582049165007,2010-04
155,-1.1052724257939095,0.07421973211104106,0.9210685270361836,2010-03
156,-1.0143437043354768,0.07421973211104106,0.9499788491558665,2010-02
157,-0.7415575399601783,0.07421973211104106,0.9788891712755495,2010-01
158,-0.8324862614186112,0.07421973211104106,1.0077994933952323,2009-12
159,-0.8324862614186112,0.07421973211104106,0.9210685270361836,2009-11
160,-1.1052724257939095,0.07421973211104106,0.8343375606771339,2009-10
161,-1.1962011472523424,0.07421973211104106,0.7476065943180851,2009-09
162,-1.2871298687107753,0.056610736845480535,0.7620617553779265,2009-08
163,-1.2871298687107753,0.039001741579920014,0.7765169164377681,2009-07
164,-1.2871298687107753,0.021392746314359487,0.7909720774976096,2009-06
165,-1.4689873116276408,-0.06665223001344313,0.6897859500787192,2009-05
166,-1.5599160330860737,-0.15469720634124667,0.5885998226598281,2009-04
167,-1.7417734760029393,-0.2427421826690493,0.48741369524093775,2009-03
168,-1.7417734760029393,-0.3483961542624134,0.32840692358268075,2009-02
169,-1.7417734760029393,-0.4540501258557765,0.16940015192442412,2009-01
170,-1.8327021974613722,-0.5597040974491405,0.01039338026616712,2008-12
171,-1.8327021974613722,-0.6301400785113827,-0.018516941853515833,2008-11
172,-1.923630918919805,-0.7005760595736252,-0.04742726397319917,2008-10
173,-1.7417734760029393,-0.7710120406358673,-0.07633758609288212,2008-09
174,-1.923630918919805,-0.7886210359014278,-0.10524790821256508,2008-08
175,-1.923630918919805,-0.8062300311669883,-0.13415823033224802,2008-07
176,-1.923630918919805,-0.8238390264325489,-0.16306855245193097,2008-06
177,-1.5599160330860737,-0.8590570169636699,-0.16306855245193097,2008-05
178,-1.2871298687107753,-0.8942750074947914,-0.16306855245193097,2008-04
179,-1.2871298687107753,-0.9294929980259125,-0.16306855245193097,2008-03
180,-1.1962011472523424,-0.8766660122292309,-0.13415823033224802,2008-02
181,-1.1962011472523424,-0.8238390264325489,-0.10524790821256508,2008-01
182,-0.8324862614186112,-0.7710120406358673,-0.07633758609288212,2007-12
183,-0.7415575399601783,-0.7005760595736252,0.01039338026616712,2007-11
184,-0.2869139326680142,-0.6301400785113827,0.09712434662521637,2007-10
185,-0.19598521120958137,-0.5597040974491405,0.1838553129842656,2007-09
186,0.0768009531657171,-0.4892681163868985,0.1838553129842656,2007-08
187,0.34958711754101557,-0.41883213532465546,0.1838553129842656,2007-07
188,0.5314445604578812,-0.3483961542624134,0.1838553129842656,2007-06
189,0.4405158389994484,-0.27796017320017125,0.22722079616379004,2007-05
190,-0.10505648975114855,-0.20752419213792825,0.27058627934331486,2007-04
191,-0.19598521120958137,-0.13708821107568614,0.3139517625228393,2007-03
192,-0.2869139326680142,-0.20752419213792825,0.32840692358268075,2007-02
193,-0.2869139326680142,-0.27796017320017125,0.3428620846425222,2007-01
194,-0.377842654126447,-0.3483961542624134,0.35731724570236373,2006-12
195,-0.377842654126447,-0.13708821107568614,0.35731724570236373,2006-11
196,-0.2869139326680142,0.07421973211104106,0.35731724570236373,2006-10
197,-0.2869139326680142,0.28552767529776824,0.35731724570236373,2006-09
198,-0.46877137558487986,0.2503096847666472,0.40068272888188816,2006-08
199,-0.377842654126447,0.21509169423552524,0.4440482120614133,2006-07
200,-0.5597000970433127,0.1798737037044042,0.48741369524093775,2006-06
201,-0.6506288185017455,0.2503096847666463,0.48741369524093775,2006-05
202,-0.5597000970433127,0.3207456658288893,0.48741369524093775,2006-04
203,-0.46877137558487986,0.3911816468911314,0.48741369524093775,2006-03
204,-0.377842654126447,0.3911816468911314,0.45850337312125483,2006-02
205,-0.5597000970433127,0.3911816468911314,0.4295930510015711,2006-01
206,-0.6506288185017455,0.3911816468911314,0.40068272888188816,2005-12
207,-0.9234149828770439,0.37357265162557085,0.40068272888188816,2005-11
208,-1.0143437043354768,0.35596365636001037,0.40068272888188816,2005-10
209,-0.9234149828770439,0.33835466109444984,0.40068272888188816,2005-09
210,-0.8324862614186112,0.26791868003220776,0.40068272888188816,2005-08
211,-0.8324862614186112,0.1974826989699647,0.40068272888188816,2005-07
212,-0.8324862614186112,0.12704671790772262,0.40068272888188816,2005-06
213,-0.7415575399601783,0.07421973211104106,0.40068272888188816,2005-05
214,-0.46877137558487986,0.02139274631435855,0.40068272888188816,2005-04
215,-0.46877137558487986,-0.03143423948232302,0.40068272888188816,2005-03
216,-0.377842654126447,0.02139274631435855,0.4151378899417296,2005-02
217,-0.46877137558487986,0.07421973211104106,0.42959305100157186,2005-01
218,-0.377842654126447,0.12704671790772262,0.4440482120614133,2004-12
219,-0.2869139326680142,0.14465571317328316,0.42959305100157186,2004-11
220,-0.10505648975114855,0.16226470843884366,0.4151378899417296,2004-10
221,-0.10505648975114855,0.1798737037044042,0.40068272888188816,2004-09
222,-0.19598521120958137,0.16226470843884366,0.38622756782204665,2004-08
223,-0.377842654126447,0.14465571317328316,0.3717724067622052,2004-07
224,-0.2869139326680142,0.12704671790772262,0.35731724570236373,2004-06
225,-0.2869139326680142,0.21509169423552524,0.35731724570236373,2004-05
226,-0.19598521120958137,0.30313667056332877,0.35731724570236373,2004-04
227,-0.2869139326680142,0.3911816468911314,0.35731724570236373,2004-03
228,-0.377842654126447,0.30313667056332877,0.35731724570236373,2004-02
229,-0.2869139326680142,0.21509169423552524,0.35731724570236373,2004-01
230,-0.377842654126447,0.12704671790772262,0.35731724570236373,2003-12
231,-0.377842654126447,0.056610736845480535,0.3139517625228393,2003-11
232,-0.46877137558487986,-0.013825244216762494,0.2705862793433145,2003-10
233,-0.2869139326680142,-0.08426122527900458,0.22722079616379004,2003-09
234,-0.2869139326680142,-0.03143423948232302,0.21276563510394855,2003-08
235,-0.2869139326680142,0.021392746314359487,0.1983104740441071,2003-07
236,-0.19598521120958137,0.07421973211104106,0.1838553129842656,2003-06
237,-0.19598521120958137,0.056610736845480535,0.16940015192442412,2003-05
238,-0.2869139326680142,0.039001741579920014,0.15494499086458227,2003-04
239,-0.46877137558487986,0.021392746314359487,0.14048982980474078,2003-03
240,-0.10505648975114855,-0.08426122527900458,0.09712434662521637,2003-02
241,0.16772967462414992,-0.18991519687236771,0.05375886344569155,2003-01
242,0.5314445604578812,-0.2955691684657318,0.01039338026616712,2002-12
243,0.5314445604578812,-0.2955691684657318,-0.004061780793674356,2002-11
244,0.4405158389994484,-0.2955691684657318,-0.018516941853515833,2002-10
245,0.34958711754101557,-0.2955691684657318,-0.03297210291335731,2002-09
246,0.5314445604578812,-0.3131781637312923,-0.03297210291335731,2002-08
247,0.622373281916314,-0.33078715899685285,-0.03297210291335731,2002-07
248,0.8042307248331797,-0.3483961542624134,-0.03297210291335731,2002-06
249,0.8951594462916125,-0.33078715899685285,-0.04742726397319878,2002-05
250,0.622373281916314,-0.3131781637312923,-0.061882425033040644,2002-04
251,0.8042307248331797,-0.2955691684657318,-0.07633758609288212,2002-03
252,0.7133020033747468,-0.27796017320017125,-0.10524790821256508,2002-02
253,0.8951594462916125,-0.2603511779346098,-0.13415823033224802,2002-01
254,0.8951594462916125,-0.2427421826690493,-0.16306855245193097,2001-12
255,0.8042307248331797,-0.22513318740348875,-0.19197887457161394,2001-11
256,0.8042307248331797,-0.20752419213792825,-0.22088919669129728,2001-10
257,0.7133020033747468,-0.18991519687236771,-0.24979951881098023,2001-09
258,0.8951594462916125,-0.15469720634124667,-0.2787098409306632,2001-08
259,1.0770168892084782,-0.11947921581012563,-0.3076201630503465,2001-07
260,1.167945610666911,-0.08426122527900458,-0.3365304851700295,2001-06
261,1.2588743321253437,-0.06665223001344406,-0.32207532411018797,2001-05
262,1.713517939417508,-0.04904323474788354,-0.3076201630503465,2001-04
263,1.8953753823343735,-0.03143423948232302,-0.29316500199050505,2001-03
264,2.0772328252512393,0.003783751048798028,-0.24979951881098023,2001-02
265,2.168161546709672,0.039001741579920014,-0.2064340356314558,2001-01
266,1.8953753823343735,0.07421973211104106,-0.16306855245193097,2000-12
267,1.622589217959075,0.1094377226421621,-0.11970306927240655,2000-11
268,1.622589217959075,0.14465571317328316,-0.07633758609288174,2000-10
269,1.4407317750422095,0.1798737037044042,-0.03297210291335731,2000-09
270,1.713517939417508,0.23270068950108574,0.024848541326008597,2000-08
271,1.9863041037928064,0.28552767529776824,0.08266918556537489,2000-07
272,1.8953753823343735,0.33835466109444984,0.14048982980474078,2000-06
273,1.8044466608759406,0.4087906421566919,0.1983104740441071,2000-05
274,1.8044466608759406,0.47922662321893494,0.256131118283473,2000-04
275,1.5316604965006422,0.5496626042811771,0.3139517625228393,2000-03
276,1.5316604965006422,0.6200985853434191,0.3717724067622052,2000-02
277,1.5316604965006422,0.6905345664056612,0.42959305100157186,2000-01
278,1.5316604965006422,0.7609705474679033,0.48741369524093775,1999-12
279,1.713517939417508,0.8314065285301454,0.5452343394803036,1999-11
280,1.622589217959075,0.9018425095923884,0.6030549837196704,1999-10
281,1.5316604965006422,0.9722784906546305,0.6608756279590362,1999-09
282,1.3498030535837766,1.0074964811857516,0.7042411111385607,1999-08
283,1.167945610666911,1.0427144717168735,0.7476065943180851,1999-07
284,1.0770168892084782,1.0779324622479947,0.7909720774976096,1999-06
285,0.9860881677500453,1.0955414575135551,0.805427238557451,1999-05
286,0.9860881677500453,1.1131504527791156,0.8198823996172925,1999-04
287,1.0770168892084782,1.130759448044676,0.8343375606771339,1999-03
288,1.167945610666911,1.130759448044676,0.8198823996172925,1999-02
289,1.0770168892084782,1.130759448044676,0.805427238557451,1999-01
290,0.8951594462916125,1.130759448044676,0.7909720774976096,1998-12
291,0.9860881677500453,1.130759448044676,0.7765169164377681,1998-11
292,1.167945610666911,1.130759448044676,0.7620617553779265,1998-10
293,1.2588743321253437,1.130759448044676,0.7476065943180851,1998-09
294,1.167945610666911,1.1483684433102366,0.7620617553779265,1998-08
295,1.0770168892084782,1.1659774385757973,0.7765169164377681,1998-07
296,0.7133020033747468,1.1835864338413578,0.7909720774976096,1998-06
297,0.7133020033747468,1.2011954291069182,0.805427238557451,1998-05
298,0.4405158389994484,1.2188044243724787,0.8198823996172925,1998-04
299,0.5314445604578812,1.2364134196380392,0.8343375606771339,1998-03
300,0.16772967462414992,1.2716314101691604,0.8777030438566584,1998-02
301,-0.014127768292715726,1.3068494007002822,0.9210685270361836,1998-01
302,0.34958711754101557,1.3420673912314034,0.9644340102157081,1997-12
303,0.34958711754101557,1.3420673912314034,0.9788891712755495,1997-11
304,0.34958711754101557,1.3420673912314034,0.993344332335391,1997-10
305,0.34958711754101557,1.3420673912314034,1.0077994933952323,1997-09
306,0.25865839608258273,1.3420673912314034,1.022254654455074,1997-08
307,0.0768009531657171,1.3420673912314034,1.0367098155149155,1997-07
308,0.16772967462414992,1.3420673912314034,1.0511649765747568,1997-06
309,-0.46877137558487986,1.3420673912314034,1.0511649765747568,1997-05
310,-0.377842654126447,1.3420673912314034,1.0511649765747568,1997-04
311,-0.46877137558487986,1.3420673912314034,1.0511649765747568,1997-03
312,-0.2869139326680142,1.3420673912314034,1.0367098155149155,1997-02
313,-0.46877137558487986,1.3420673912314034,1.022254654455074,1997-01
314,-0.46877137558487986,1.3420673912314034,1.0077994933952323,1996-12
315,-0.6506288185017455,1.3596763864969639,0.9788891712755495,1996-11
316,-0.7415575399601783,1.3772853817625244,0.9499788491558665,1996-10
317,-0.8324862614186112,1.3948943770280848,0.9210685270361836,1996-09
318,-0.9234149828770439,1.3948943770280848,0.9066133659763421,1996-08
319,-0.8324862614186112,1.3948943770280848,0.8921582049165007,1996-07
320,-0.8324862614186112,1.3948943770280848,0.8777030438566592,1996-06
321,-0.7415575399601783,1.3596763864969639,0.8343375606771347,1996-05
322,-0.6506288185017455,1.3244583959658418,0.7909720774976096,1996-04
323,-0.5597000970433127,1.2892404054347208,0.7476065943180851,1996-03
324,-0.5597000970433127,1.2364134196380392,0.7042411111385607,1996-02
325,-0.5597000970433127,1.1835864338413578,0.6608756279590354,1996-01
326,-0.9234149828770439,1.130759448044676,0.617510144779511,1995-12
327,-0.5597000970433127,1.1131504527791156,0.5885998226598281,1995-11
328,-0.377842654126447,1.0955414575135551,0.5596895005401451,1995-10
329,-0.19598521120958137,1.0779324622479947,0.5307791784204622,1995-09
330,0.25865839608258273,1.1131504527791156,0.5452343394803036,1995-08
331,0.622373281916314,1.1483684433102366,0.5596895005401451,1995-07
332,0.8042307248331797,1.1835864338413578,0.5741446615999867,1995-06
333,0.622373281916314,1.2364134196380392,0.6030549837196696,1995-05
334,0.4405158389994484,1.2892404054347217,0.6319653058393533,1995-04
335,0.4405158389994484,1.3420673912314034,0.6608756279590362,1995-03
336,0.4405158389994484,1.3596763864969639,0.7042411111385607,1995-02
337,0.4405158389994484,1.3772853817625244,0.7476065943180851,1995-01
338,0.622373281916314,1.3948943770280848,0.7909720774976096,1994-12
339,0.5314445604578812,1.430112367559206,0.8343375606771339,1994-11
340,0.622373281916314,1.465330358090327,0.8777030438566592,1994-10
341,0.622373281916314,1.5005483486214481,0.9210685270361836,1994-09
342,0.4405158389994484,1.5005483486214481,0.9499788491558665,1994-08
343,0.25865839608258273,1.5005483486214481,0.9788891712755495,1994-07
344,0.16772967462414992,1.5005483486214481,1.0077994933952323,1994-06
345,0.16772967462414992,1.4829393533558874,1.0077994933952323,1994-05
346,-0.014127768292715726,1.465330358090327,1.0077994933952323,1994-04
347,-0.10505648975114855,1.4477213628247665,1.0077994933952323,1994-03
348,-0.19598521120958137,1.4125033722936455,0.9788891712755495,1994-02
349,-0.19598521120958137,1.3772853817625244,0.9499788491558665,1994-01
350,-0.377842654126447,1.3420673912314034,0.9210685270361836,1993-12
351,-0.46877137558487986,1.3068494007002822,0.8632478827968176,1993-11
352,-0.6506288185017455,1.2716314101691604,0.805427238557451,1993-10
353,-0.7415575399601783,1.2364134196380392,0.7476065943180851,1993-09
354,-0.7415575399601783,1.1835864338413578,0.6897859500787192,1993-08
355,-0.8324862614186112,1.130759448044676,0.6319653058393525,1993-07
356,-0.6506288185017455,1.0779324622479947,0.5741446615999867,1993-06
357,-0.6506288185017455,1.060323466982434,0.5163240173606207,1993-05
358,-0.014127768292715726,1.0427144717168726,0.45850337312125405,1993-04
359,-0.2869139326680142,1.0251054764513121,0.40068272888188816,1993-03
360,-0.377842654126447,1.0074964811857516,0.35731724570236373,1993-02
361,-0.377842654126447,0.989887485920191,0.3139517625228393,1993-01
362,-0.19598521120958137,0.9722784906546305,0.27058627934331486,1992-12
363,-0.014127768292715726,0.95466949538907,0.22722079616379004,1992-11
364,-0.014127768292715726,0.9370605001235095,0.1838553129842656,1992-10
365,-0.10505648975114855,0.9194515048579489,0.14048982980474078,1992-09
366,-0.19598521120958137,0.9018425095923884,0.09712434662521637,1992-08
367,-0.19598521120958137,0.884233514326828,0.05375886344569155,1992-07
368,-0.10505648975114855,0.8666245190612674,0.01039338026616712,1992-06
369,-0.014127768292715726,0.8490155237957069,-0.018516941853515833,1992-05
370,-0.014127768292715726,0.8314065285301463,-0.04742726397319917,1992-04
371,-0.10505648975114855,0.8137975332645858,-0.07633758609288212,1992-03
372,-0.10505648975114855,0.7785795427334647,-0.11970306927240655,1992-02
373,-0.19598521120958137,0.7433615522023428,-0.16306855245193136,1992-01
374,-0.19598521120958137,0.7081435616712217,-0.2064340356314558,1991-12
375,-0.19598521120958137,0.6553165758745402,-0.23534435775113874,1991-11
376,-0.19598521120958137,0.6024895900778586,-0.2642546798708221,1991-10
377,-0.19598521120958137,0.5496626042811771,-0.29316500199050505,1991-09
378,-0.10505648975114855,0.514444613750056,-0.32207532411018797,1991-08
379,-0.19598521120958137,0.479226623218934,-0.35098564622987094,1991-07
380,-0.10505648975114855,0.444008632687813,-0.3798959683495539,1991-06
381,-0.014127768292715726,0.42639963742225245,-0.3943511294093954,1991-05
382,-0.014127768292715726,0.4087906421566919,-0.4088062904692372,1991-04
383,0.4405158389994484,0.3911816468911314,-0.4232614515290787,1991-03
384,-0.014127768292715726,0.3911816468911314,-0.4232614515290787,1991-02
385,-0.014127768292715726,0.3911816468911314,-0.4232614515290787,1991-01
386,0.16772967462414992,0.3911816468911314,-0.4232614515290787,1990-12
387,0.0768009531657171,0.4087906421566919,-0.4232614515290787,1990-11
388,0.16772967462414992,0.42639963742225245,-0.4232614515290787,1990-10
389,0.0768009531657171,0.444008632687813,-0.4232614515290787,1990-09
390,0.4405158389994484,0.46161762795337347,-0.4232614515290787,1990-08
391,0.8042307248331797,0.479226623218934,-0.4232614515290787,1990-07
392,0.8042307248331797,0.49683561848449453,-0.4232614515290787,1990-06
393,0.5314445604578812,0.514444613750055,-0.4232614515290787,1990-05
394,0.7133020033747468,0.5320536090156165,-0.4232614515290787,1990-04
395,0.8951594462916125,0.5496626042811771,-0.4232614515290787,1990-03
396,0.8042307248331797,0.5496626042811771,-0.4232614515290787,1990-02
397,0.9860881677500453,0.5496626042811771,-0.4232614515290787,1990-01
398,0.9860881677500453,0.5496626042811771,-0.4232614515290787,1989-12
399,0.8042307248331797,0.5672715995467376,-0.4232614515290787,1989-11
400,0.7133020033747468,0.584880594812298,-0.4232614515290787,1989-10
401,0.7133020033747468,0.6024895900778586,-0.4232614515290787,1989-09
402,0.7133020033747468,0.6377075806089797,-0.4088062904692372,1989-08
403,0.7133020033747468,0.6729255711401007,-0.3943511294093954,1989-07
404,0.622373281916314,0.7081435616712217,-0.3798959683495539,1989-06
405,0.622373281916314,0.7433615522023428,-0.35098564622987094,1989-05
406,0.7133020033747468,0.7785795427334647,-0.32207532411018797,1989-04
407,0.622373281916314,0.8137975332645858,-0.29316500199050505,1989-03
408,0.8042307248331797,0.8490155237957069,-0.2642546798708221,1989-02
409,0.8951594462916125,0.884233514326828,-0.23534435775113874,1989-01
410,0.7133020033747468,0.9194515048579489,-0.2064340356314558,1988-12
411,0.8951594462916125,0.9370605001235095,-0.16306855245193136,1988-11
412,0.8042307248331797,0.95466949538907,-0.11970306927240655,1988-10
413,0.7133020033747468,0.9722784906546305,-0.07633758609288212,1988-09
414,0.7133020033747468,0.95466949538907,-0.061882425033040644,1988-08
415,0.7133020033747468,0.9370605001235095,-0.04742726397319878,1988-07
416,0.622373281916314,0.9194515048579489,-0.03297210291335731,1988-06
417,0.622373281916314,0.95466949538907,-0.004061780793674356,1988-05
418,0.34958711754101557,0.989887485920191,0.024848541326008982,1988-04
419,0.4405158389994484,1.0251054764513121,0.05375886344569193,1988-03
420,0.4405158389994484,1.0427144717168726,0.05375886344569193,1988-02
421,0.4405158389994484,1.060323466982434,0.05375886344569193,1988-01
422,0.34958711754101557,1.0779324622479947,0.05375886344569193,1987-12
423,0.0768009531657171,1.0779324622479947,0.0682140245055334,1987-11
424,0.0768009531657171,1.0779324622479947,0.08266918556537489,1987-10
425,0.0768009531657171,1.0779324622479947,0.09712434662521637,1987-09
426,-0.014127768292715726,1.1131504527791156,0.11157950768505784,1987-08
427,-0.19598521120958137,1.1483684433102366,0.12603466874489933,1987-07
428,-0.19598521120958137,1.1835864338413578,0.14048982980474078,1987-06
429,-0.2869139326680142,1.1659774385757973,0.14048982980474078,1987-05
430,-0.10505648975114855,1.1483684433102366,0.14048982980474078,1987-04
431,-0.19598521120958137,1.130759448044676,0.14048982980474078,1987-03
432,-0.19598521120958137,1.0955414575135551,0.14048982980474078,1987-02
433,-0.19598521120958137,1.060323466982433,0.14048982980474078,1987-01
434,0.16772967462414992,1.0251054764513121,0.14048982980474078,1986-12
435,0.16772967462414992,1.0074964811857516,0.15494499086458227,1986-11
436,0.34958711754101557,0.989887485920191,0.16940015192442412,1986-10
437,0.16772967462414992,0.9722784906546305,0.1838553129842656,1986-09
438,0.25865839608258273,0.9370605001235095,0.1838553129842656,1986-08
439,0.25865839608258273,0.9018425095923884,0.1838553129842656,1986-07
440,0.16772967462414992,0.8666245190612674,0.1838553129842656,1986-06
441,0.7133020033747468,0.8490155237957069,0.1838553129842656,1986-05
442,0.4405158389994484,0.8314065285301463,0.1838553129842656,1986-04
443,0.4405158389994484,0.8137975332645858,0.1838553129842656,1986-03
444,0.4405158389994484,0.8314065285301463,0.1838553129842656,1986-02
445,0.34958711754101557,0.8490155237957069,0.1838553129842656,1986-01
446,0.16772967462414992,0.8666245190612674,0.1838553129842656,1985-12
447,0.0768009531657171,0.9018425095923884,0.1838553129842656,1985-11
448,-0.014127768292715726,0.9370605001235095,0.1838553129842656,1985-10
449,-0.10505648975114855,0.9722784906546305,0.1838553129842656,1985-09
450,-0.19598521120958137,0.9722784906546305,0.16940015192442412,1985-08
451,-0.2869139326680142,0.9722784906546305,0.15494499086458227,1985-07
452,-0.377842654126447,0.9722784906546305,0.14048982980474078,1985-06
453,-0.46877137558487986,0.989887485920191,0.14048982980474078,1985-05
454,-0.5597000970433127,1.0074964811857516,0.14048982980474078,1985-04
455,-0.6506288185017455,1.0251054764513121,0.14048982980474078,1985-03
456,-0.7415575399601783,1.0074964811857516,0.12603466874489933,1985-02
457,-0.7415575399601783,0.989887485920191,0.11157950768505784,1985-01
458,-0.7415575399601783,0.9722784906546305,0.09712434662521637,1984-12
459,-0.8324862614186112,0.9370605001235095,0.05375886344569193,1984-11
460,-0.7415575399601783,0.9018425095923884,0.01039338026616712,1984-10
461,-0.7415575399601783,0.8666245190612674,-0.03297210291335731,1984-09
462,-0.7415575399601783,0.8490155237957069,-0.07633758609288174,1984-08
463,-0.7415575399601783,0.8314065285301463,-0.11970306927240655,1984-07
464,-0.7415575399601783,0.8137975332645858,-0.16306855245193097,1984-06
465,-0.6506288185017455,0.7609705474679043,-0.22088919669129728,1984-05
466,-0.6506288185017455,0.7081435616712217,-0.2787098409306632,1984-04
467,-0.5597000970433127,0.6553165758745402,-0.3365304851700295,1984-03
468,-0.46877137558487986,0.5672715995467376,-0.39435112940939576,1984-02
469,-0.377842654126447,0.479226623218934,-0.45217177364876165,1984-01
470,-0.2869139326680142,0.3911816468911314,-0.509992417888128,1983-12
471,-0.19598521120958137,0.33835466109444984,-0.5533579010676524,1983-11
472,-0.19598521120958137,0.28552767529776735,-0.5967233842471772,1983-10
473,-0.19598521120958137,0.23270068950108574,-0.6400888674267016,1983-09
474,-0.19598521120958137,0.1974826989699647,-0.6545440284865431,1983-08
475,-0.2869139326680142,0.16226470843884366,-0.6689991895463846,1983-07
476,-0.2869139326680142,0.12704671790772262,-0.6834543506062261,1983-06
477,-0.2869139326680142,0.14465571317328316,-0.6979095116660675,1983-05
478,-0.014127768292715726,0.16226470843884366,-0.7123646727259094,1983-04
479,0.4405158389994484,0.1798737037044042,-0.7268198337857509,1983-03
480,0.622373281916314,0.1974826989699647,-0.7268198337857509,1983-02
481,0.622373281916314,0.21509169423552524,-0.7268198337857509,1983-01
482,0.34958711754101557,0.23270068950108574,-0.7268198337857509,1982-12
483,0.25865839608258273,0.21509169423552524,-0.7412749948455923,1982-11
484,0.34958711754101557,0.1974826989699647,-0.7557301559054338,1982-10
485,0.5314445604578812,0.1798737037044042,-0.7701853169652753,1982-09
486,0.622373281916314,0.16226470843884366,-0.7990956390849583,1982-08
487,0.8042307248331797,0.14465571317328316,-0.8280059612046415,1982-07
488,0.8951594462916125,0.12704671790772262,-0.8569162833243246,1982-06
489,0.9860881677500453,0.1094377226421621,-0.871371444384166,1982-05
490,1.0770168892084782,0.09182872737660158,-0.8858266054440075,1982-04
491,1.0770168892084782,0.07421973211104106,-0.900281766503849,1982-03
492,0.9860881677500453,0.07421973211104106,-0.9147369275636904,1982-02
493,0.8951594462916125,0.07421973211104106,-0.9291920886235323,1982-01
494,0.8042307248331797,0.07421973211104106,-0.9436472496833738,1981-12
495,0.7133020033747468,0.056610736845480535,-0.9725575718030567,1981-11
496,0.622373281916314,0.039001741579920014,-1.0014678939227397,1981-10
497,0.622373281916314,0.021392746314359487,-1.0303782160424226,1981-09
498,0.7133020033747468,-0.013825244216761555,-1.0592885381621056,1981-08
499,0.7133020033747468,-0.04904323474788354,-1.088198860281789,1981-07
500,0.8042307248331797,-0.08426122527900458,-1.1171091824014718,1981-06
501,0.7133020033747468,-0.13708821107568614,-1.1604746655809963,1981-05
502,0.5314445604578812,-0.18991519687236771,-1.203840148760521,1981-04
503,0.25865839608258273,-0.2427421826690493,-1.2472056319400455,1981-03
504,0.0768009531657171,-0.31317816373129137,-1.3050262761794118,1981-02
505,0.0768009531657171,-0.3836141447935344,-1.3628469204187776,1981-01
506,0.25865839608258273,-0.4540501258557765,-1.4206675646581441,1980-12
507,0.34958711754101557,-0.48926811638689754,-1.4640330478376686,1980-11
508,0.34958711754101557,-0.5244861069180196,-1.5073985310171931,1980-10
509,0.34958711754101557,-0.5597040974491405,-1.5507640141967176,1980-09
510,0.25865839608258273,-0.5773130927147011,-1.5507640141967176,1980-08
511,0.25865839608258273,-0.5949220879802616,-1.5507640141967176,1980-07
512,0.25865839608258273,-0.6125310832458222,-1.5507640141967176,1980-06
513,0.25865839608258273,-0.6301400785113827,-1.5507640141967176,1980-05
514,0.25865839608258273,-0.6477490737769431,-1.5507640141967176,1980-04
515,0.25865839608258273,-0.6653580690425037,-1.5507640141967176,1980-03
516,0.34958711754101557,-0.7181850548391853,-1.5363088531368763,1980-02
517,0.4405158389994484,-0.7710120406358673,-1.5218536920770347,1980-01
518,0.622373281916314,-0.8238390264325489,-1.5073985310171933,1979-12
519,0.7133020033747468,-0.8766660122292305,-1.5073985310171933,1979-11
520,0.8042307248331797,-0.9294929980259125,-1.5073985310171933,1979-10
521,0.7133020033747468,-0.982319983822594,-1.5073985310171933,1979-09
522,0.7133020033747468,-1.0175379743537152,-1.5073985310171933,1979-08
523,0.7133020033747468,-1.0527559648848366,-1.5073985310171933,1979-07
524,0.7133020033747468,-1.0879739554159575,-1.5073985310171933,1979-06
525,0.8042307248331797,-1.1055829506815182,-1.5073985310171933,1979-05
526,0.8042307248331797,-1.1231919459470792,-1.5073985310171933,1979-04
527,0.8951594462916125,-1.1408009412126396,-1.5073985310171933,1979-03
528,0.9860881677500453,-1.1584099364782001,-1.5218536920770347,1979-02
529,1.0770168892084782,-1.1760189317437608,-1.5363088531368763,1979-01
530,1.0770168892084782,-1.1936279270093213,-1.5507640141967176,1978-12
531,1.167945610666911,-1.2640639080715639,-1.5796743363164008,1978-11
532,1.2588743321253437,-1.3344998891338058,-1.608584658436084,1978-10
533,1.2588743321253437,-1.4049358701960484,-1.637494980555767,1978-09
534,1.3498030535837766,-1.45776285599273,-1.6664053026754502,1978-08
535,1.3498030535837766,-1.5105898417894121,-1.695315624795133,1978-07
536,1.4407317750422095,-1.5634168275860936,-1.7242259469148162,1978-06
537,1.4407317750422095,-1.5634168275860936,-1.7386811079746576,1978-05
538,1.5316604965006422,-1.5634168275860936,-1.7531362690344992,1978-04
539,1.5316604965006422,-1.5634168275860936,-1.7675914300943407,1978-03
540,1.5316604965006422,-1.5281988370549726,-1.7531362690344992,1978-02
541,1.5316604965006422,-1.492980846523851,-1.7386811079746576,1978-01
542,1.4407317750422095,-1.45776285599273,-1.7242259469148162,1977-12
543,1.3498030535837766,-1.4401538607271696,-1.7242259469148162,1977-11
544,1.2588743321253437,-1.422544865461609,-1.7242259469148162,1977-10
545,1.2588743321253437,-1.4049358701960484,-1.7242259469148162,1977-09
546,1.167945610666911,-1.422544865461609,-1.7531362690344992,1977-08
547,0.9860881677500453,-1.4401538607271696,-1.782046591154182,1977-07
548,0.8042307248331797,-1.45776285599273,-1.810956913273865,1977-06
549,0.8042307248331797,-1.5281988370549726,-1.8398672353935484,1977-05
550,0.8951594462916125,-1.5986348181172148,-1.8687775575132313,1977-04
551,1.167945610666911,-1.6690707991794573,-1.8976878796329146,1977-03
552,1.2588743321253437,-1.7218977849761388,-1.9265982017525976,1977-02
553,1.2588743321253437,-1.7747247707728209,-1.9555085238722807,1977-01
554,1.167945610666911,-1.8275517565695023,-1.9844188459919636,1976-12
555,1.167945610666911,-1.8275517565695023,-1.9844188459919636,1976-11
556,1.167945610666911,-1.8275517565695023,-1.9844188459919636,1976-10
557,1.3498030535837766,-1.8275517565695023,-1.9844188459919636,1976-09
558,1.4407317750422095,-1.8099427613039418,-1.969963684932122,1976-08
559,1.5316604965006422,-1.792333766038381,-1.9555085238722807,1976-07
560,1.622589217959075,-1.7747247707728204,-1.9410533628124391,1976-06
561,1.713517939417508,-1.792333766038381,-1.9265982017525976,1976-05
562,1.622589217959075,-1.8099427613039418,-1.9121430406927562,1976-04
563,1.5316604965006422,-1.8275517565695023,-1.8976878796329146,1976-03
564,1.5316604965006422,-1.880378742366184,-1.8976878796329146,1976-02
565,1.4407317750422095,-1.933205728162866,-1.8976878796329146,1976-01
566,1.5316604965006422,-1.9860327139595475,-1.8976878796329146,1975-12
567,1.4407317750422095,-2.038859699756229,-1.9121430406927562,1975-11
568,1.4407317750422095,-2.091686685552911,-1.9265982017525976,1975-10
569,1.3498030535837766,-2.1445136713495927,-1.9410533628124391,1975-09
570,1.2588743321253437,-2.1973406571462744,-1.969963684932122,1975-08
571,1.2588743321253437,-2.2501676429429565,-1.998874007051805,1975-07
572,1.167945610666911,-2.302994628739638,-2.027784329171488,1975-06
573,1.167945610666911,-2.3558216145363198,-2.071149812351013,1975-05
574,1.0770168892084782,-2.4086486003330014,-2.1145152955305377,1975-04
575,1.0770168892084782,-2.4614755861296835,-2.1578807787100622,1975-03
576,0.9860881677500453,-2.4614755861296835,-2.1578807787100622,1975-02
577,0.8042307248331797,-2.4614755861296835,-2.1578807787100622,1975-01
578,0.5314445604578812,-2.4614755861296835,-2.1578807787100622,1974-12
579,0.4405158389994484,-2.4614755861296835,-2.1578807787100622,1974-11
580,0.4405158389994484,-2.4614755861296835,-2.1578807787100622,1974-10
581,0.622373281916314,-2.4614755861296835,-2.1578807787100622,1974-09
582,0.8042307248331797,-2.4614755861296835,-2.1578807787100622,1974-08
583,0.9860881677500453,-2.4614755861296835,-2.1578807787100622,1974-07
584,1.167945610666911,-2.4614755861296835,-2.1578807787100622,1974-06
585,1.2588743321253437,-2.4614755861296835,-2.1578807787100622,1974-05
586,1.0770168892084782,-2.4614755861296835,-2.1578807787100622,1974-04
587,0.8042307248331797,-2.4614755861296835,-2.1578807787100622,1974-03
588,0.8042307248331797,-2.4614755861296835,-2.1578807787100622,1974-02
589,0.9860881677500453,-2.4614755861296835,-2.1578807787100622,1974-01
590,1.5316604965006422,-2.4614755861296835,-2.1578807787100622,1973-12
591,1.8953753823343735,-2.4614755861296835,-2.1578807787100622,1973-11
592,2.0772328252512393,-2.4614755861296835,-2.1578807787100622,1973-10
593,2.0772328252512393,-2.4614755861296835,-2.1578807787100622,1973-09
594,2.168161546709672,-2.4614755861296835,-2.1578807787100622,1973-08
595,2.3500189896265375,-2.4614755861296835,-2.1578807787100622,1973-07
596,2.5318764325434033,-2.4614755861296835,-2.1578807787100622,1973-06
597,2.6228051540018362,-2.4614755861296835,-2.1578807787100622,1973-05
598,2.713733875460269,-2.4614755861296835,-2.1578807787100622,1973-04
599,2.6228051540018362,-2.4614755861296835,-2.1578807787100622,1973-03
600,2.6228051540018362,-2.4614755861296835,-2.1578807787100622,1973-02
601,2.5318764325434033,-2.4614755861296835,-2.1578807787100622,1973-01
602,2.4409477110849704,-2.4614755861296835,-2.1578807787100622,1972-12
603,2.3500189896265375,-2.4614755861296835,-2.1578807787100622,1972-11
604,2.2590902681681047,-2.4614755861296835,-2.1578807787100622,1972-10
